page,section,component,current_copy,purpose,classification,issue,recommended_action,proposed_copy,seo_sensitive,factual_dependency,notes
sitewide/shared,aria-label,src/components/conversion/ConversionJourney.tsx:38,Orientación por necesidad,Information / orientation,REWRITE,"Stiff, repetitive or less natural than needed",REWRITE,Opciones según tu necesidad,no,no,
sitewide/shared,p,src/components/conversion/ConversionJourney.tsx:43,"Selecciona una opción para recibir una orientación breve, sin formularios.",Information / orientation,SHORTEN,"Stiff, repetitive or less natural than needed",SHORTEN,Elige una opción.,no,no,
sitewide/shared,p,src/components/conversion/ConversionJourney.tsx:47,Paso 2 de 2 · Tu orientación,Information / orientation,SHORTEN,"Stiff, repetitive or less natural than needed",SHORTEN,Paso 2 de 2,no,no,
sitewide/shared,p,src/components/conversion/ConversionJourney.tsx:47,Elige una opción o escribe directamente. No necesitas acertar el nombre del tratamiento.,Information / orientation,REWRITE,"Stiff, repetitive or less natural than needed",REWRITE,Elige lo más parecido a tu caso. También puedes escribirnos directamente.,no,no,
sitewide/shared,button,src/components/conversion/ConversionJourney.tsx:48,Cambiar camino,Action / choice,REWRITE,"Stiff, repetitive or less natural than needed",REWRITE,Cambiar motivo,no,no,
sitewide/shared,span,src/components/conversion/ConversionJourney.tsx:63,Tu orientación,Information / orientation,SHORTEN,"Stiff, repetitive or less natural than needed",SHORTEN,Información,no,no,
sitewide/shared,button,src/components/conversion/ConversionJourney.tsx:67,Cambiar opción,Action / choice,KEEP,"Already clear, useful and natural enough",KEEP,Cambiar opción,no,no,
sitewide/shared,label,src/components/layout/Footer.tsx:10,Instagram,Action / choice,KEEP,"Already clear, useful and natural enough",KEEP,Instagram,no,no,
sitewide/shared,label,src/components/layout/Footer.tsx:11,Facebook,Action / choice,KEEP,"Already clear, useful and natural enough",KEEP,Facebook,no,no,
sitewide/shared,label,src/components/layout/Footer.tsx:12,Cómo llegar,Action / choice,KEEP,"Already clear, useful and natural enough",KEEP,Cómo llegar,no,no,
sitewide/shared,p,src/components/layout/Footer.tsx:23,La información publicada no reemplaza una valoración odontológica profesional.,Information / orientation,KEEP,"Already clear, useful and natural enough",KEEP,La información publicada no reemplaza una valoración odontológica profesional.,no,no,
sitewide/shared,h3,src/components/layout/Footer.tsx:28,Servicios,Heading / scanning,KEEP,"Already clear, useful and natural enough",KEEP,Servicios,no,no,
sitewide/shared,h3,src/components/layout/Footer.tsx:39,Contacto,Heading / scanning,KEEP,"Already clear, useful and natural enough",KEEP,Contacto,no,no,
sitewide/shared,h3,src/components/layout/Footer.tsx:52,Enlaces,Heading / scanning,KEEP,"Already clear, useful and natural enough",KEEP,Enlaces,no,no,
sitewide/shared,label,src/components/layout/Header.tsx:10,Necesidad,Action / choice,REWRITE,"Stiff, repetitive or less natural than needed",REWRITE,Qué necesitas,no,no,
sitewide/shared,label,src/components/layout/Header.tsx:11,Servicios,Action / choice,KEEP,"Already clear, useful and natural enough",KEEP,Servicios,no,no,
sitewide/shared,label,src/components/layout/Header.tsx:12,Doctora,Action / choice,KEEP,"Already clear, useful and natural enough",KEEP,Doctora,no,no,
sitewide/shared,label,src/components/layout/Header.tsx:13,Urgencias,Action / choice,KEEP,"Already clear, useful and natural enough",KEEP,Urgencias,no,no,
sitewide/shared,label,src/components/layout/Header.tsx:14,Consultorio,Action / choice,KEEP,"Already clear, useful and natural enough",KEEP,Consultorio,no,no,
sitewide/shared,label,src/components/layout/Header.tsx:15,Equipo,Action / choice,KEEP,"Already clear, useful and natural enough",KEEP,Equipo,no,no,
sitewide/shared,aria-label,src/components/layout/Header.tsx:48,Ir al inicio,Information / orientation,KEEP,"Already clear, useful and natural enough",KEEP,Ir al inicio,no,no,
sitewide/shared,small,src/components/layout/Header.tsx:54,Consultorio odontológico · Carepa,Information / orientation,KEEP,"Already clear, useful and natural enough",KEEP,Consultorio odontológico · Carepa,no,no,
sitewide/shared,aria-label,src/components/layout/Header.tsx:58,Navegación principal,Information / orientation,KEEP,"Already clear, useful and natural enough",KEEP,Navegación principal,no,no,
/ (home section),alt,src/components/sections/AboutDoctor.tsx:23,Imagen referencial de atención odontológica profesional,Describe image for accessibility,KEEP,"Already clear, useful and natural enough",KEEP,Imagen referencial de atención odontológica profesional,no,no,
/ (home section),aria-label,src/components/sections/AboutDoctor.tsx:30,Perfil profesional,Information / orientation,KEEP,"Already clear, useful and natural enough",KEEP,Perfil profesional,no,no,
/ (home section),p,src/components/sections/AboutDoctor.tsx:42,Conoce a la doctora,Information / orientation,KEEP,"Already clear, useful and natural enough",KEEP,Conoce a la doctora,no,no,
/ (home section),h2,src/components/sections/AboutDoctor.tsx:43,"Una atención odontológica clara, cercana y profesional.",Heading / scanning,SHORTEN,Abstract or agency-like phrasing,SHORTEN,Dra. Nataly Jiménez,no,no,
/ (home section),aria-label,src/components/sections/AboutDoctor.tsx:46,Puntos de confianza,Information / orientation,REWRITE,"Stiff, repetitive or less natural than needed",REWRITE,Datos de atención,no,no,
/ (home section),aria-label,src/components/sections/AboutDoctor.tsx:55,Enfoque de atención,Information / orientation,KEEP,"Already clear, useful and natural enough",KEEP,Enfoque de atención,no,no,
/ (home section),p,src/components/sections/AestheticFunctionalCare.tsx:8,Estética con criterio clínico,Information / orientation,KEEP,"Already clear, useful and natural enough",KEEP,Estética con criterio clínico,no,no,
/ (home section),h2,src/components/sections/AestheticFunctionalCare.tsx:9,Cuidado oral con enfoque estético y funcional,Heading / scanning,KEEP,"Already clear, useful and natural enough",KEEP,Cuidado oral con enfoque estético y funcional,no,no,
/ (home section),p,src/components/sections/AestheticFunctionalCare.tsx:11,"Una sonrisa se ve mejor cuando también funciona bien. Por eso, antes de pensar en cambios estéticos, conviene revisar encías, mordida, restauraciones, hábitos y salud general de la boca.",Information / orientation,SHORTEN,Long for its interface context,SHORTEN,"Una sonrisa se ve mejor cuando también funciona bien. Por eso, antes de pensar en cambios estéticos, conviene revisar encías, mordida, restauraciones, hábitos y salud general de la boca.",no,no,
/ (home section),p,src/components/sections/AestheticFunctionalCare.tsx:16,"La intención no es vender un tratamiento único, sino ayudarte a entender qué opciones pueden tener sentido para tu caso.",Information / orientation,KEEP,"Already clear, useful and natural enough",KEEP,"La intención no es vender un tratamiento único, sino ayudarte a entender qué opciones pueden tener sentido para tu caso.",no,no,
/ (home section),title,src/components/sections/BeforeBooking.tsx:18,Puedes preguntar primero,Heading / scanning,KEEP,"Already clear, useful and natural enough",KEEP,Puedes preguntar primero,no,no,
/ (home section),p,src/components/sections/BeforeBooking.tsx:33,"Escríbenos primero, agenda después con tranquilidad.",Information / orientation,KEEP,"Already clear, useful and natural enough",KEEP,"Escríbenos primero, agenda después con tranquilidad.",no,no,
/ (home section),title,src/components/sections/BrandStory.tsx:14,Atención clara antes de decidir un tratamiento,Heading / scanning,KEEP,"Already clear, useful and natural enough",KEEP,Atención clara antes de decidir un tratamiento,no,no,
/ (home section),aria-label,src/components/sections/BrandStory.tsx:30,Enlaces de información del consultorio,Information / orientation,KEEP,"Already clear, useful and natural enough",KEEP,Enlaces de información del consultorio,no,no,
/ (home section),title,src/components/sections/CareExperience.tsx:11,Una ruta clara desde el primer mensaje,Heading / scanning,SHORTEN,"Stiff, repetitive or less natural than needed",SHORTEN,Desde el primer mensaje,no,no,
/ (home section),p,src/components/sections/CompactDoctorTrust.tsx:25,Quién te orienta,Information / orientation,REWRITE,"Stiff, repetitive or less natural than needed",REWRITE,Quién te atiende,no,no,
/ (home section),h2,src/components/sections/CompactDoctorTrust.tsx:26,"Personas reales, atención cercana.",Heading / scanning,SHORTEN,Abstract or agency-like phrasing,SHORTEN,Dra. Nataly Jiménez,no,no,
/ (home section),p,src/components/sections/CompactDoctorTrust.tsx:27,Tu caso se valora antes de recomendar un tratamiento.,Information / orientation,SHORTEN,"Stiff, repetitive or less natural than needed",SHORTEN,Odontología general y estética en Carepa.,no,no,
/ (home section),aria-label,src/components/sections/CompactDoctorTrust.tsx:48,Puntos de confianza,Information / orientation,REWRITE,"Stiff, repetitive or less natural than needed",REWRITE,Datos del consultorio,no,no,
/ (home section),title,src/components/sections/DentalTeam.tsx:24,Profesionales para una atención odontológica integral,Heading / scanning,SHORTEN,"Stiff, repetitive or less natural than needed",SHORTEN,Conoce al equipo,no,no,
/ (home section),p,src/components/sections/Emergency.tsx:19,Prioridad a urgencias según disponibilidad,Information / orientation,KEEP,"Already clear, useful and natural enough",KEEP,Prioridad a urgencias según disponibilidad,no,no,
/ (home section),p,src/components/sections/Emergency.tsx:21,Urgencias odontológicas,Information / orientation,KEEP,"Already clear, useful and natural enough",KEEP,Urgencias odontológicas,no,no,
/ (home section),h2,src/components/sections/Emergency.tsx:22,¿Tienes dolor ahora?,Heading / scanning,KEEP,"Already clear, useful and natural enough",KEEP,¿Tienes dolor ahora?,no,no,
/ (home section),p,src/components/sections/Emergency.tsx:23,Escríbenos para consultar disponibilidad de valoración.,Information / orientation,REWRITE,"Stiff, repetitive or less natural than needed",REWRITE,Escríbenos y dinos qué pasó para consultar disponibilidad.,no,no,
/ (home section),aria-label,src/components/sections/Emergency.tsx:36,Motivos frecuentes de urgencia,Information / orientation,KEEP,"Already clear, useful and natural enough",KEEP,Motivos frecuentes de urgencia,no,no,
/ (home section),title,src/components/sections/FAQ.tsx:11,Antes de agendar,Heading / scanning,KEEP,"Already clear, useful and natural enough",KEEP,Antes de agendar,no,no,
/ (home section),title,src/components/sections/FeaturedTreatments.tsx:15,Quiero una sonrisa más limpia,Heading / scanning,SHORTEN,"Stiff, repetitive or less natural than needed",SHORTEN,Necesito una limpieza,no,no,
/ (home section),summary,src/components/sections/FeaturedTreatments.tsx:15,Cuidado preventivo para dientes y encías.,Information / orientation,REWRITE,"Stiff, repetitive or less natural than needed",REWRITE,Remoción de placa y revisión de las encías.,no,no,
/ (home section),title,src/components/sections/FeaturedTreatments.tsx:16,Quiero aclarar mis dientes,Heading / scanning,KEEP,"Already clear, useful and natural enough",KEEP,Quiero aclarar mis dientes,no,no,
/ (home section),summary,src/components/sections/FeaturedTreatments.tsx:16,Opciones responsables según tu salud oral.,Information / orientation,REWRITE,"Stiff, repetitive or less natural than needed",REWRITE,Opciones según tu salud oral y sensibilidad.,no,no,
/ (home section),title,src/components/sections/FeaturedTreatments.tsx:17,Quiero mejorar mi sonrisa,Heading / scanning,KEEP,"Already clear, useful and natural enough",KEEP,Quiero mejorar mi sonrisa,no,no,
/ (home section),summary,src/components/sections/FeaturedTreatments.tsx:17,Alternativas estéticas con valoración previa.,Information / orientation,KEEP,"Already clear, useful and natural enough",KEEP,Alternativas estéticas con valoración previa.,no,no,
/ (home section),title,src/components/sections/FeaturedTreatments.tsx:18,Necesito atención por dolor,Heading / scanning,KEEP,"Already clear, useful and natural enough",KEEP,Necesito atención por dolor,no,no,
/ (home section),summary,src/components/sections/FeaturedTreatments.tsx:18,Consulta disponibilidad para una valoración.,Information / orientation,KEEP,"Already clear, useful and natural enough",KEEP,Consulta disponibilidad para una valoración.,no,no,
/ (home section),title,src/components/sections/FeaturedTreatments.tsx:32,Opciones según lo que quieres resolver,Heading / scanning,KEEP,"Already clear, useful and natural enough",KEEP,Opciones según lo que quieres resolver,no,no,
/ (home section),p,src/components/sections/FinalWhatsAppCTA.tsx:18,Agenda por WhatsApp,Information / orientation,KEEP,"Already clear, useful and natural enough",KEEP,Agenda por WhatsApp,no,no,
/ (home section),h2,src/components/sections/FinalWhatsAppCTA.tsx:19,Cuéntanos qué necesitas y revisamos el siguiente paso.,Heading / scanning,SHORTEN,"Stiff, repetitive or less natural than needed",SHORTEN,¿Quieres agendar una valoración?,no,no,
/ (home section),p,src/components/sections/FinalWhatsAppCTA.tsx:21,Puedes escribir aunque no sepas el tratamiento. La valoración define las opciones adecuadas.,Information / orientation,SHORTEN,"Stiff, repetitive or less natural than needed",SHORTEN,Escribe aunque no sepas el nombre del tratamiento. Cuéntanos qué necesitas.,no,no,
/ (home section),title,src/components/sections/FirstVisit.tsx:12,Tu primera cita en 3 pasos,Heading / scanning,KEEP,"Already clear, useful and natural enough",KEEP,Tu primera cita en 3 pasos,no,no,
/ (home section),p,src/components/sections/FirstVisit.tsx:16,No necesitas saber el nombre del tratamiento.,Information / orientation,KEEP,"Already clear, useful and natural enough",KEEP,No necesitas saber el nombre del tratamiento.,no,no,
/ (home section),p,src/components/sections/FirstVisit.tsx:17,Puedes escribir contando lo que sientes o lo que te gustaría revisar.,Information / orientation,KEEP,"Already clear, useful and natural enough",KEEP,Puedes escribir contando lo que sientes o lo que te gustaría revisar.,no,no,
/ (home section),aria-label,src/components/sections/GoogleTrustPreview.tsx:12,Opiniones verificadas en Google,Information / orientation,KEEP,"Already clear, useful and natural enough",KEEP,Opiniones verificadas en Google,no,no,
/ (home section),p,src/components/sections/GoogleTrustPreview.tsx:14,de 5 en Google ·,Information / orientation,KEEP,"Already clear, useful and natural enough",KEEP,de 5 en Google ·,no,no,
/ (home section),p,src/components/sections/GoogleTrustPreview.tsx:14,opiniones,Information / orientation,KEEP,"Already clear, useful and natural enough",KEEP,opiniones,no,no,
/ (home section),a,src/components/sections/GoogleTrustPreview.tsx:15,Ver perfil en Google,Action / choice,KEEP,"Already clear, useful and natural enough",KEEP,Ver perfil en Google,no,no,
/ (home section),p,src/components/sections/Hero.tsx:16,Odontología en Carepa,Information / orientation,KEEP,"Already clear, useful and natural enough",KEEP,Odontología en Carepa,no,no,
/ (home section),h1,src/components/sections/Hero.tsx:17,Cuéntanos qué necesitas,Heading / scanning,KEEP,"Already clear, useful and natural enough",KEEP,Cuéntanos qué necesitas,no,no,
/ (home section),p,src/components/sections/Hero.tsx:19,"Dolor, una inquietud estética o cuidado preventivo: elige lo más cercano a tu caso y te mostramos cómo empezar.",Information / orientation,SHORTEN,Overexplained or difficult to scan,SHORTEN,"¿Tienes dolor, quieres mejorar tu sonrisa o buscas una revisión? Elige una opción.",no,no,
/ (home section),a,src/components/sections/Hero.tsx:26,Elegir qué necesito,Action / choice,REWRITE,"Stiff, repetitive or less natural than needed",REWRITE,Elegir una opción,no,no,
/ (home section),aria-label,src/components/sections/Hero.tsx:29,Datos de confianza,Information / orientation,REWRITE,"Stiff, repetitive or less natural than needed",REWRITE,Datos del consultorio,no,no,
/ (home section),p,src/components/sections/IntentGateway.tsx:12,Paso 1 de 2 · Elige tu motivo,Information / orientation,SHORTEN,"Stiff, repetitive or less natural than needed",SHORTEN,Paso 1 de 2,no,no,
/ (home section),h2,src/components/sections/IntentGateway.tsx:13,¿Qué necesitas hoy?,Heading / scanning,KEEP,"Already clear, useful and natural enough",KEEP,¿Qué necesitas hoy?,no,no,
/ (home section),aria-label,src/components/sections/IntentGateway.tsx:15,Motivos principales de consulta,Information / orientation,KEEP,"Already clear, useful and natural enough",KEEP,Motivos principales de consulta,no,no,
/ (home section),title,src/components/sections/LocalTrust.tsx:12,Una atención pensada para Carepa y la región de Urabá,Heading / scanning,SHORTEN,"Stiff, repetitive or less natural than needed",SHORTEN,Atención odontológica en Carepa,no,no,
/ (home section),h3,src/components/sections/Location.tsx:25,Dirección,Heading / scanning,KEEP,"Already clear, useful and natural enough",KEEP,Dirección,no,yes,
/ (home section),h3,src/components/sections/Location.tsx:29,Horarios,Heading / scanning,KEEP,"Already clear, useful and natural enough",KEEP,Horarios,no,yes,
/ (home section),aria-label,src/components/sections/Location.tsx:51,"Ver referencia de Carepa, Antioquia en Google Maps",Information / orientation,KEEP,"Already clear, useful and natural enough",KEEP,"Ver referencia de Carepa, Antioquia en Google Maps",no,no,
/ (home section),strong,src/components/sections/Location.tsx:54,"Carepa, Antioquia",Information / orientation,KEEP,"Already clear, useful and natural enough",KEEP,"Carepa, Antioquia",no,no,
/ (home section),span,src/components/sections/Location.tsx:55,Confirmar ubicación exacta al agendar,Information / orientation,KEEP,"Already clear, useful and natural enough",KEEP,Confirmar ubicación exacta al agendar,no,no,
/ (home section),title,src/components/sections/NeedSelector.tsx:91,¿Qué necesitas hoy?,Heading / scanning,KEEP,"Already clear, useful and natural enough",KEEP,¿Qué necesitas hoy?,no,no,
/ (home section),p,src/components/sections/NeedSelector.tsx:95,Esta guía reduce la fricción del primer mensaje. La valoración profesional define el diagnóstico y el plan adecuado.,Information / orientation,SHORTEN,Overexplained or difficult to scan,SHORTEN,Esto no es un diagnóstico. La valoración define el tratamiento.,no,no,
/ (home section),aria-label,src/components/sections/NeedSelector.tsx:101,Motivos de consulta,Information / orientation,KEEP,"Already clear, useful and natural enough",KEEP,Motivos de consulta,no,no,
/ (home section),span,src/components/sections/NeedSelector.tsx:120,Motivo seleccionado,Information / orientation,KEEP,"Already clear, useful and natural enough",KEEP,Motivo seleccionado,no,no,
/ (home section),p,src/components/sections/OralHealthCampaign.tsx:17,Campaña local,Information / orientation,KEEP,"Already clear, useful and natural enough",KEEP,Campaña local,no,no,
/ (home section),h2,src/components/sections/OralHealthCampaign.tsx:18,Semana de salud oral en Carepa,Heading / scanning,KEEP,"Already clear, useful and natural enough",KEEP,Semana de salud oral en Carepa,no,no,
/ (home section),p,src/components/sections/OralHealthCampaign.tsx:20,"Agenda tu valoración odontológica preventiva. Revisamos tu caso, resolvemos tus dudas y te orientamos sobre el tratamiento más adecuado según diagnóstico clínico.",Information / orientation,SHORTEN,Long for its interface context,SHORTEN,"Agenda tu valoración odontológica preventiva. Revisamos tu caso, resolvemos tus dudas y te orientamos sobre el tratamiento más adecuado según diagnóstico clínico.",no,no,
/ (home section),p,src/components/sections/OralHealthCampaign.tsx:24,Cupos limitados por agenda. La valoración no reemplaza procedimientos clínicos ni garantiza tratamientos específicos.,Information / orientation,KEEP,"Already clear, useful and natural enough",KEEP,Cupos limitados por agenda. La valoración no reemplaza procedimientos clínicos ni garantiza tratamientos específicos.,no,no,
/ (home section),h3,src/components/sections/OralHealthCampaign.tsx:30,Beneficio según valoración,Heading / scanning,KEEP,"Already clear, useful and natural enough",KEEP,Beneficio según valoración,no,no,
/ (home section),p,src/components/sections/OralHealthCampaign.tsx:32,"Si después de la valoración decides iniciar tratamiento, podrás acceder a un beneficio especial en profilaxis o control preventivo, según diagnóstico y disponibilidad.",Information / orientation,SHORTEN,Long for its interface context,SHORTEN,"Si después de la valoración decides iniciar tratamiento, podrás acceder a un beneficio especial en profilaxis o control preventivo, según diagnóstico y disponibilidad.",no,no,
/ (home section),p,src/components/sections/PatientGuidance.tsx:16,Orientación sin presión,Information / orientation,REWRITE,"Stiff, repetitive or less natural than needed",REWRITE,Puedes empezar por aquí,no,no,
/ (home section),h2,src/components/sections/PatientGuidance.tsx:17,No necesitas saber qué tratamiento pedir,Heading / scanning,REWRITE,"Stiff, repetitive or less natural than needed",REWRITE,No tienes que saber qué tratamiento pedir,no,no,
/ (home section),p,src/components/sections/PatientGuidance.tsx:19,"Puedes escribir con tus síntomas, una molestia, una duda estética o una foto de referencia si la tienes. La valoración ayuda a traducir esa inquietud en un camino clínico responsable.",Information / orientation,SHORTEN,Overexplained or difficult to scan,SHORTEN,Escribe qué sientes o qué quieres cambiar. En la valoración revisamos el caso y te explicamos las opciones.,no,no,
/ (home section),p,src/components/sections/RegionFocus.tsx:16,Carepa y Urabá,Information / orientation,KEEP,"Already clear, useful and natural enough",KEEP,Carepa y Urabá,no,no,
/ (home section),h2,src/components/sections/RegionFocus.tsx:17,Atención en Carepa para pacientes de la región,Heading / scanning,KEEP,"Already clear, useful and natural enough",KEEP,Atención en Carepa para pacientes de la región,no,no,
/ (home section),p,src/components/sections/RegionFocus.tsx:19,Este sitio está pensado para personas de Carepa y la región de Urabá que quieren orientación clara antes de iniciar un tratamiento. La atención es en Carepa y la disponibilidad se confirma por WhatsApp.,Information / orientation,SHORTEN,Overexplained or difficult to scan,SHORTEN,"La atención es en Carepa. Si vienes desde otro municipio de Urabá, confirma la cita y la ubicación por WhatsApp antes de desplazarte.",no,no,
/ (home section),aria-label,src/components/sections/RegionFocus.tsx:28,Municipios de referencia,Information / orientation,KEEP,"Already clear, useful and natural enough",KEEP,Municipios de referencia,no,no,
/ (home section),p,src/components/sections/RegionWhatsApp.tsx:8,Carepa y Urabá,Information / orientation,KEEP,"Already clear, useful and natural enough",KEEP,Carepa y Urabá,no,no,
/ (home section),h2,src/components/sections/RegionWhatsApp.tsx:9,Escribe desde tu ubicación y revisamos disponibilidad.,Heading / scanning,SHORTEN,"Stiff, repetitive or less natural than needed",SHORTEN,¿Vienes desde otro lugar de Urabá?,no,no,
/ (home section),p,src/components/sections/RegionWhatsApp.tsx:11,"Atendemos pacientes de Carepa, veredas cercanas y la región de Urabá con cita previa.",Information / orientation,KEEP,"Already clear, useful and natural enough",KEEP,"Atendemos pacientes de Carepa, veredas cercanas y la región de Urabá con cita previa.",no,no,
/ (home section),aria-label,src/components/sections/RegionWhatsApp.tsx:13,Zonas de cobertura por WhatsApp,Information / orientation,KEEP,"Already clear, useful and natural enough",KEEP,Zonas de cobertura por WhatsApp,no,no,
/ (home section),span,src/components/sections/RegionWhatsApp.tsx:35,Atención con cita previa,Information / orientation,REWRITE,"Stiff, repetitive or less natural than needed",REWRITE,Antes de desplazarte,no,no,
/ (home section),strong,src/components/sections/RegionWhatsApp.tsx:36,La ubicación exacta y la disponibilidad se confirman al agendar.,Information / orientation,KEEP,"Already clear, useful and natural enough",KEEP,La ubicación exacta y la disponibilidad se confirman al agendar.,no,no,
/ (home section),title,src/components/sections/ServiceCatalogPreview.tsx:19,Servicios organizados para consultar rápido,Heading / scanning,KEEP,"Already clear, useful and natural enough",KEEP,Servicios organizados para consultar rápido,no,no,
/ (home section),span,src/components/sections/ServiceCatalogPreview.tsx:34,servicios,Information / orientation,KEEP,"Already clear, useful and natural enough",KEEP,servicios,no,no,
/ (home section),a,src/components/sections/ServiceCatalogPreview.tsx:39,Consultar,Action / choice,KEEP,"Already clear, useful and natural enough",KEEP,Consultar,no,no,
/ (home section),title,src/components/sections/Services.tsx:12,"Servicios odontológicos para cuidar salud, función y estética",Heading / scanning,KEEP,"Already clear, useful and natural enough",KEEP,"Servicios odontológicos para cuidar salud, función y estética",no,no,
/ (home section),title,src/components/sections/Testimonials.tsx:11,Una experiencia pensada para que decidas con tranquilidad,Heading / scanning,SHORTEN,Abstract or agency-like phrasing,SHORTEN,Lo que puedes esperar de la consulta,no,no,
/ (home section),span,src/components/sections/Testimonials.tsx:22,Criterio de atención,Information / orientation,KEEP,"Already clear, useful and natural enough",KEEP,Criterio de atención,no,no,
/ (home section),aria-label,src/components/sections/TrustBar.tsx:5,Beneficios de la atención,Information / orientation,KEEP,"Already clear, useful and natural enough",KEEP,Beneficios de la atención,no,no,
sitewide/shared,aria-label,src/components/ui/MobileStickyCTA.tsx:71,Acciones rápidas por WhatsApp,Information / orientation,KEEP,"Already clear, useful and natural enough",KEEP,Acciones rápidas por WhatsApp,no,no,
sitewide/shared,aria-label,src/components/ui/WhatsAppFloatingButton.tsx:18,Agendar cita por WhatsApp,Information / orientation,KEEP,"Already clear, useful and natural enough",KEEP,Agendar cita por WhatsApp,no,no,
sitewide/shared,span,src/components/ui/WhatsAppFloatingButton.tsx:23,WhatsApp,Information / orientation,KEEP,"Already clear, useful and natural enough",KEEP,WhatsApp,no,no,
sitewide/shared,title,src/data/brandContent.ts:9,"Más que cuidar dientes, creamos sonrisas con confianza.",Heading / scanning,SHORTEN,Abstract or agency-like phrasing,SHORTEN,Un consultorio odontológico en Carepa,no,no,
sitewide/shared,title,src/data/brandContent.ts:26,Primero entender,Heading / scanning,REWRITE,"Stiff, repetitive or less natural than needed",REWRITE,Cuéntanos qué necesitas,no,no,
sitewide/shared,description,src/data/brandContent.ts:28,"Cada cita inicia con una conversación sobre lo que sientes, lo que quieres mejorar y las dudas que necesitas resolver.",Information / orientation,SHORTEN,Overexplained or difficult to scan,SHORTEN,"La cita comienza por lo que sientes, lo que quieres cambiar o la duda que necesitas resolver.",no,no,
sitewide/shared,title,src/data/brandContent.ts:31,Luego valorar,Heading / scanning,REWRITE,"Stiff, repetitive or less natural than needed",REWRITE,Revisamos el caso,no,no,
sitewide/shared,description,src/data/brandContent.ts:33,"La valoración permite revisar salud oral, prioridades y necesidades reales antes de sugerir un tratamiento.",Information / orientation,SHORTEN,"Stiff, repetitive or less natural than needed",SHORTEN,Antes de sugerir un tratamiento revisamos tu salud oral y el motivo de consulta.,no,no,
sitewide/shared,title,src/data/brandContent.ts:36,Después decidir,Heading / scanning,REWRITE,"Stiff, repetitive or less natural than needed",REWRITE,Te explicamos las opciones,no,no,
sitewide/shared,description,src/data/brandContent.ts:38,Las recomendaciones se explican con claridad para que puedas tomar decisiones informadas y sin presión.,Information / orientation,SHORTEN,"Stiff, repetitive or less natural than needed",SHORTEN,Te contamos qué encontramos y qué alternativas corresponden a tu caso.,no,no,
sitewide/shared,label,src/data/brandContent.ts:42,Conocer el equipo,Action / choice,KEEP,"Already clear, useful and natural enough",KEEP,Conocer el equipo,no,no,
sitewide/shared,label,src/data/brandContent.ts:43,Ver todos los servicios,Action / choice,KEEP,"Already clear, useful and natural enough",KEEP,Ver todos los servicios,no,no,
sitewide/shared,label,src/data/brandContent.ts:44,Leer sobre la doctora,Action / choice,KEEP,"Already clear, useful and natural enough",KEEP,Leer sobre la doctora,no,no,
/c/*,name,src/data/campaigns.ts:38,Lanzamiento del sitio,Information / orientation,KEEP,"Already clear, useful and natural enough",KEEP,Lanzamiento del sitio,yes,no,
/c/*,whatsappMessage,src/data/campaigns.ts:47,"Hola, conocí el nuevo sitio de la Dra. Nataly Jiménez y quiero recibir orientación para una valoración odontológica. ¿Me ayudan con disponibilidad?",Prefilled WhatsApp message,SHORTEN,Overexplained or difficult to scan,SHORTEN,"Hola, quisiera agendar una valoración odontológica. ¿Tienen disponibilidad?",yes,no,
/c/*,shortCopy,src/data/campaigns.ts:50,Elige tu necesidad y encuentra un punto de partida claro.,Information / orientation,SHORTEN,"Stiff, repetitive or less natural than needed",SHORTEN,Elige tu motivo de consulta.,yes,no,
/c/*,headline,src/data/campaigns.ts:51,Una forma más clara de empezar a cuidar tu sonrisa,Heading / scanning,SHORTEN,"Stiff, repetitive or less natural than needed",SHORTEN,¿Qué necesitas consultar?,yes,no,
/c/*,cta,src/data/campaigns.ts:54,Elegir mi necesidad,Action / choice,REWRITE,"Stiff, repetitive or less natural than needed",REWRITE,Elegir una opción,yes,no,
/c/*,name,src/data/campaigns.ts:61,Urgencias odontológicas,Information / orientation,KEEP,"Already clear, useful and natural enough",KEEP,Urgencias odontológicas,yes,no,
/c/*,whatsappMessage,src/data/campaigns.ts:70,"Hola, tengo una urgencia odontológica y quiero consultar disponibilidad para una valoración. Estoy en Carepa o cerca.",Prefilled WhatsApp message,SHORTEN,Overexplained or difficult to scan,SHORTEN,"Hola, tengo una urgencia odontológica. ¿Tienen disponibilidad para atenderme?",yes,no,
/c/*,shortCopy,src/data/campaigns.ts:73,Elige tu molestia y consulta disponibilidad.,Information / orientation,KEEP,"Already clear, useful and natural enough",KEEP,Elige tu molestia y consulta disponibilidad.,yes,no,
/c/*,headline,src/data/campaigns.ts:74,"Si algo te duele o se dañó, empieza por aquí",Heading / scanning,KEEP,"Already clear, useful and natural enough",KEEP,"Si algo te duele o se dañó, empieza por aquí",yes,no,
/c/*,cta,src/data/campaigns.ts:77,Revisar mi urgencia,Action / choice,REWRITE,"Stiff, repetitive or less natural than needed",REWRITE,Elegir la molestia,yes,no,
/c/*,name,src/data/campaigns.ts:84,Mejorar mi sonrisa,Information / orientation,KEEP,"Already clear, useful and natural enough",KEEP,Mejorar mi sonrisa,yes,no,
/c/*,whatsappMessage,src/data/campaigns.ts:93,"Hola, quiero mejorar mi sonrisa, pero deseo recibir orientación antes de elegir un tratamiento. ¿Me ayudan con disponibilidad para una valoración?",Prefilled WhatsApp message,SHORTEN,Overexplained or difficult to scan,SHORTEN,"Hola, quiero mejorar mi sonrisa. ¿Tienen disponibilidad para una valoración?",yes,no,
/c/*,shortCopy,src/data/campaigns.ts:96,Explora opciones para mejorar tu sonrisa.,Information / orientation,KEEP,"Already clear, useful and natural enough",KEEP,Explora opciones para mejorar tu sonrisa.,yes,no,
/c/*,headline,src/data/campaigns.ts:97,Tu idea de sonrisa comienza con una valoración,Heading / scanning,REWRITE,"Stiff, repetitive or less natural than needed",REWRITE,¿Qué te gustaría cambiar de tu sonrisa?,yes,no,
/c/*,cta,src/data/campaigns.ts:100,Explorar opciones,Action / choice,KEEP,"Already clear, useful and natural enough",KEEP,Explorar opciones,yes,no,
/c/*,name,src/data/campaigns.ts:107,Limpieza y profilaxis,Information / orientation,KEEP,"Already clear, useful and natural enough",KEEP,Limpieza y profilaxis,yes,no,
/c/*,whatsappMessage,src/data/campaigns.ts:117,"Hola, quiero agendar una limpieza o profilaxis dental. ¿Me ayudan con disponibilidad?",Prefilled WhatsApp message,REWRITE,"Stiff, repetitive or less natural than needed",REWRITE,"Hola, quisiera agendar una limpieza o profilaxis dental. ¿Tienen disponibilidad?",yes,no,
/c/*,shortCopy,src/data/campaigns.ts:120,Empieza tu cuidado preventivo con una valoración.,Information / orientation,SHORTEN,"Stiff, repetitive or less natural than needed",SHORTEN,Consulta por limpieza o profilaxis.,yes,no,
/c/*,headline,src/data/campaigns.ts:121,¿Estás pensando en una limpieza dental?,Heading / scanning,KEEP,"Already clear, useful and natural enough",KEEP,¿Estás pensando en una limpieza dental?,yes,no,
/c/*,cta,src/data/campaigns.ts:124,Ver orientación de limpieza,Action / choice,SHORTEN,"Stiff, repetitive or less natural than needed",SHORTEN,Ver información,yes,no,
/c/*,name,src/data/campaigns.ts:131,Ortodoncia,Information / orientation,KEEP,"Already clear, useful and natural enough",KEEP,Ortodoncia,yes,no,
/c/*,whatsappMessage,src/data/campaigns.ts:141,"Hola, quiero consultar una valoración para ortodoncia. ¿Me ayudan con disponibilidad en Carepa?",Prefilled WhatsApp message,REWRITE,"Stiff, repetitive or less natural than needed",REWRITE,"Hola, quisiera información sobre ortodoncia. ¿Tienen disponibilidad para una valoración?",yes,no,
/c/*,shortCopy,src/data/campaigns.ts:144,Conoce el punto de partida para ortodoncia.,Information / orientation,KEEP,"Already clear, useful and natural enough",KEEP,Conoce el punto de partida para ortodoncia.,yes,no,
/c/*,headline,src/data/campaigns.ts:145,La ortodoncia empieza por entender tu caso,Heading / scanning,KEEP,"Already clear, useful and natural enough",KEEP,La ortodoncia empieza por entender tu caso,yes,no,
/c/*,cta,src/data/campaigns.ts:148,Ver orientación de ortodoncia,Action / choice,SHORTEN,"Stiff, repetitive or less natural than needed",SHORTEN,Ver información,yes,no,
/c/*,name,src/data/campaigns.ts:155,Valoración general,Information / orientation,KEEP,"Already clear, useful and natural enough",KEEP,Valoración general,yes,no,
/c/*,whatsappMessage,src/data/campaigns.ts:165,"Hola, quiero agendar una valoración odontológica general. Estoy en Carepa o cerca. ¿Me ayudan con disponibilidad?",Prefilled WhatsApp message,SHORTEN,Overexplained or difficult to scan,SHORTEN,"Hola, quisiera agendar una valoración general. ¿Tienen disponibilidad?",yes,no,
/c/*,shortCopy,src/data/campaigns.ts:168,Empieza con una valoración general.,Information / orientation,KEEP,"Already clear, useful and natural enough",KEEP,Empieza con una valoración general.,yes,no,
/c/*,headline,src/data/campaigns.ts:169,"Cuando no sabes por dónde empezar, empieza por valorar",Heading / scanning,SHORTEN,"Stiff, repetitive or less natural than needed",SHORTEN,Puedes empezar por una valoración general,yes,no,
/c/*,cta,src/data/campaigns.ts:172,Ver orientación de valoración,Action / choice,SHORTEN,"Stiff, repetitive or less natural than needed",SHORTEN,Ver información,yes,no,
/c/*,name,src/data/campaigns.ts:179,"Carepa, veredas y Urabá",Information / orientation,KEEP,"Already clear, useful and natural enough",KEEP,"Carepa, veredas y Urabá",yes,no,
/c/*,whatsappMessage,src/data/campaigns.ts:188,"Hola, estoy en Carepa, una vereda cercana o la región de Urabá y quiero consultar disponibilidad para una valoración odontológica. ¿Me orientan?",Prefilled WhatsApp message,SHORTEN,Overexplained or difficult to scan,SHORTEN,"Hola, estoy en Carepa o en otro municipio de Urabá. ¿Tienen disponibilidad para una valoración?",yes,no,
/c/*,shortCopy,src/data/campaigns.ts:191,Orientación odontológica para Carepa y Urabá.,Information / orientation,REWRITE,"Stiff, repetitive or less natural than needed",REWRITE,Consultas odontológicas para Carepa y Urabá.,yes,no,
/c/*,headline,src/data/campaigns.ts:192,Un punto de partida cercano para Carepa y Urabá,Heading / scanning,SHORTEN,"Stiff, repetitive or less natural than needed",SHORTEN,Atención odontológica en Carepa,yes,no,
/c/*,cta,src/data/campaigns.ts:195,Elegir mi necesidad,Action / choice,REWRITE,"Stiff, repetitive or less natural than needed",REWRITE,Elegir una opción,yes,no,
/#que-necesitas,title,src/data/conversionJourneys.ts:26,Tengo dolor o una molestia,Heading / scanning,KEEP,"Already clear, useful and natural enough",KEEP,Tengo dolor o una molestia,no,no,
/#que-necesitas,label,src/data/conversionJourneys.ts:33,Dolor dental,Action / choice,KEEP,"Already clear, useful and natural enough",KEEP,Dolor dental,no,no,
/#que-necesitas,whatsappMessage,src/data/conversionJourneys.ts:36,"Hola, tengo dolor dental y quiero consultar disponibilidad para una valoración. Estoy en Carepa o cerca.",Prefilled WhatsApp message,SHORTEN,"Stiff, repetitive or less natural than needed",SHORTEN,"Hola, tengo dolor dental. ¿Tienen disponibilidad para valorarme?",no,no,
/#que-necesitas,label,src/data/conversionJourneys.ts:42,Inflamación,Action / choice,KEEP,"Already clear, useful and natural enough",KEEP,Inflamación,no,no,
/#que-necesitas,whatsappMessage,src/data/conversionJourneys.ts:45,"Hola, tengo inflamación en la boca o encía y quiero consultar disponibilidad para una valoración. Estoy en Carepa o cerca.",Prefilled WhatsApp message,SHORTEN,Overexplained or difficult to scan,SHORTEN,"Hola, tengo inflamación en la boca o la encía. ¿Tienen disponibilidad para valorarme?",no,no,
/#que-necesitas,label,src/data/conversionJourneys.ts:51,Diente fracturado,Action / choice,KEEP,"Already clear, useful and natural enough",KEEP,Diente fracturado,no,no,
/#que-necesitas,whatsappMessage,src/data/conversionJourneys.ts:54,"Hola, tengo un diente fracturado y quiero consultar disponibilidad para una valoración. Estoy en Carepa o cerca.",Prefilled WhatsApp message,SHORTEN,Overexplained or difficult to scan,SHORTEN,"Hola, tengo un diente fracturado. ¿Tienen disponibilidad para valorarme?",no,no,
/#que-necesitas,label,src/data/conversionJourneys.ts:60,Restauración o corona caída,Action / choice,KEEP,"Already clear, useful and natural enough",KEEP,Restauración o corona caída,no,no,
/#que-necesitas,whatsappMessage,src/data/conversionJourneys.ts:63,"Hola, se me cayó una restauración o corona y quiero consultar disponibilidad para una valoración en Carepa.",Prefilled WhatsApp message,SHORTEN,"Stiff, repetitive or less natural than needed",SHORTEN,"Hola, se me cayó una restauración o una corona. ¿Tienen disponibilidad para valorarme?",no,no,
/#que-necesitas,label,src/data/conversionJourneys.ts:69,Otra urgencia,Action / choice,KEEP,"Already clear, useful and natural enough",KEEP,Otra urgencia,no,no,
/#que-necesitas,whatsappMessage,src/data/conversionJourneys.ts:72,"Hola, tengo una urgencia odontológica y quiero consultar disponibilidad para una valoración. Estoy en Carepa o cerca.",Prefilled WhatsApp message,SHORTEN,Overexplained or difficult to scan,SHORTEN,"Hola, tengo una urgencia odontológica. ¿Tienen disponibilidad para atenderme?",no,no,
/#que-necesitas,title,src/data/conversionJourneys.ts:80,Quiero mejorar mi sonrisa,Heading / scanning,KEEP,"Already clear, useful and natural enough",KEEP,Quiero mejorar mi sonrisa,no,no,
/#que-necesitas,label,src/data/conversionJourneys.ts:87,Blanqueamiento,Action / choice,KEEP,"Already clear, useful and natural enough",KEEP,Blanqueamiento,no,no,
/#que-necesitas,whatsappMessage,src/data/conversionJourneys.ts:90,"Hola, quiero aclarar el tono de mis dientes y deseo consultar una valoración para blanqueamiento. ¿Me ayudan con disponibilidad?",Prefilled WhatsApp message,SHORTEN,Overexplained or difficult to scan,SHORTEN,"Hola, quisiera información sobre blanqueamiento dental. ¿Tienen disponibilidad para una valoración?",no,no,
/#que-necesitas,label,src/data/conversionJourneys.ts:95,Diseño o microdiseño de sonrisa,Action / choice,KEEP,"Already clear, useful and natural enough",KEEP,Diseño o microdiseño de sonrisa,no,no,
/#que-necesitas,whatsappMessage,src/data/conversionJourneys.ts:98,"Hola, quiero mejorar mi sonrisa y deseo consultar una valoración para diseño o microdiseño. ¿Me ayudan con disponibilidad?",Prefilled WhatsApp message,REWRITE,Overexplained or difficult to scan,REWRITE,"Hola, quisiera información sobre diseño o microdiseño de sonrisa. ¿Tienen disponibilidad para una valoración?",no,no,
/#que-necesitas,label,src/data/conversionJourneys.ts:103,Resinas estéticas,Action / choice,KEEP,"Already clear, useful and natural enough",KEEP,Resinas estéticas,no,no,
/#que-necesitas,whatsappMessage,src/data/conversionJourneys.ts:106,"Hola, quiero consultar una valoración para resinas estéticas. ¿Me ayudan con disponibilidad?",Prefilled WhatsApp message,REWRITE,"Stiff, repetitive or less natural than needed",REWRITE,"Hola, quisiera información sobre resinas estéticas. ¿Tienen disponibilidad para una valoración?",no,no,
/#que-necesitas,label,src/data/conversionJourneys.ts:111,Ortodoncia,Action / choice,KEEP,"Already clear, useful and natural enough",KEEP,Ortodoncia,no,no,
/#que-necesitas,whatsappMessage,src/data/conversionJourneys.ts:114,"Hola, quiero consultar una valoración para ortodoncia. ¿Me ayudan con disponibilidad en Carepa?",Prefilled WhatsApp message,REWRITE,"Stiff, repetitive or less natural than needed",REWRITE,"Hola, quisiera información sobre ortodoncia. ¿Tienen disponibilidad para una valoración?",no,no,
/#que-necesitas,label,src/data/conversionJourneys.ts:119,Armonización orofacial,Action / choice,KEEP,"Already clear, useful and natural enough",KEEP,Armonización orofacial,no,no,
/#que-necesitas,whatsappMessage,src/data/conversionJourneys.ts:122,"Hola, quiero consultar una valoración para armonización orofacial. ¿Me ayudan con disponibilidad?",Prefilled WhatsApp message,REWRITE,"Stiff, repetitive or less natural than needed",REWRITE,"Hola, quisiera información sobre armonización orofacial. ¿Tienen disponibilidad para una valoración?",no,no,
/#que-necesitas,label,src/data/conversionJourneys.ts:127,No sé cuál necesito,Action / choice,KEEP,"Already clear, useful and natural enough",KEEP,No sé cuál necesito,no,no,
/#que-necesitas,whatsappMessage,src/data/conversionJourneys.ts:130,"Hola, quiero mejorar mi sonrisa, pero no sé qué tratamiento necesito. ¿Me ayudan con disponibilidad para una valoración?",Prefilled WhatsApp message,REWRITE,Overexplained or difficult to scan,REWRITE,"Hola, quiero mejorar mi sonrisa, pero no sé qué tratamiento necesito. ¿Tienen disponibilidad para una valoración?",no,no,
/#que-necesitas,title,src/data/conversionJourneys.ts:136,Quiero cuidar mi salud oral,Heading / scanning,REWRITE,"Stiff, repetitive or less natural than needed",REWRITE,Quiero una revisión o limpieza,no,no,
/#que-necesitas,label,src/data/conversionJourneys.ts:143,Valoración general,Action / choice,KEEP,"Already clear, useful and natural enough",KEEP,Valoración general,no,no,
/#que-necesitas,whatsappMessage,src/data/conversionJourneys.ts:146,"Hola, quiero agendar una valoración odontológica general. Estoy en Carepa o cerca. ¿Me ayudan con disponibilidad?",Prefilled WhatsApp message,SHORTEN,Overexplained or difficult to scan,SHORTEN,"Hola, quisiera agendar una valoración general. ¿Tienen disponibilidad?",no,no,
/#que-necesitas,label,src/data/conversionJourneys.ts:150,Limpieza o profilaxis,Action / choice,KEEP,"Already clear, useful and natural enough",KEEP,Limpieza o profilaxis,no,no,
/#que-necesitas,whatsappMessage,src/data/conversionJourneys.ts:153,"Hola, quiero agendar una limpieza o profilaxis dental. ¿Me ayudan con disponibilidad?",Prefilled WhatsApp message,REWRITE,"Stiff, repetitive or less natural than needed",REWRITE,"Hola, quisiera agendar una limpieza o profilaxis dental. ¿Tienen disponibilidad?",no,no,
/#que-necesitas,label,src/data/conversionJourneys.ts:158,Consulta para un niño,Action / choice,KEEP,"Already clear, useful and natural enough",KEEP,Consulta para un niño,no,no,
/#que-necesitas,whatsappMessage,src/data/conversionJourneys.ts:161,"Hola, quiero consultar disponibilidad para una valoración odontológica para un niño en Carepa.",Prefilled WhatsApp message,REWRITE,"Stiff, repetitive or less natural than needed",REWRITE,"Hola, quisiera agendar una consulta odontológica para un niño. ¿Tienen disponibilidad?",no,no,
/#que-necesitas,label,src/data/conversionJourneys.ts:166,Diente perdido o rehabilitación,Action / choice,KEEP,"Already clear, useful and natural enough",KEEP,Diente perdido o rehabilitación,no,no,
/#que-necesitas,whatsappMessage,src/data/conversionJourneys.ts:169,"Hola, quiero consultar una valoración por un diente perdido o rehabilitación oral. ¿Me ayudan con disponibilidad?",Prefilled WhatsApp message,REWRITE,Overexplained or difficult to scan,REWRITE,"Hola, quisiera consultar por un diente perdido o por rehabilitación oral. ¿Tienen disponibilidad?",no,no,
/#que-necesitas,label,src/data/conversionJourneys.ts:174,Consulta especializada,Action / choice,KEEP,"Already clear, useful and natural enough",KEEP,Consulta especializada,no,no,
/#que-necesitas,whatsappMessage,src/data/conversionJourneys.ts:177,"Hola, quiero consultar disponibilidad para una valoración odontológica especializada en Carepa.",Prefilled WhatsApp message,REWRITE,"Stiff, repetitive or less natural than needed",REWRITE,"Hola, necesito una consulta odontológica especializada. ¿Tienen disponibilidad?",no,no,
/#que-necesitas,label,src/data/conversionJourneys.ts:181,No sé qué tratamiento necesito,Action / choice,KEEP,"Already clear, useful and natural enough",KEEP,No sé qué tratamiento necesito,no,no,
/#que-necesitas,whatsappMessage,src/data/conversionJourneys.ts:184,"Hola, quiero agendar una valoración, pero no sé qué tratamiento necesito. ¿Me ayudan con disponibilidad?",Prefilled WhatsApp message,REWRITE,"Stiff, repetitive or less natural than needed",REWRITE,"Hola, quisiera agendar una valoración, pero no sé qué tratamiento necesito. ¿Tienen disponibilidad?",no,no,
sitewide/shared,title,src/data/serviceCatalog.ts:19,Odontología general y preventiva,Heading / scanning,KEEP,"Already clear, useful and natural enough",KEEP,Odontología general y preventiva,no,no,
sitewide/shared,description,src/data/serviceCatalog.ts:20,"Revisión, prevención y restauraciones básicas según valoración profesional.",Information / orientation,SHORTEN,"Stiff, repetitive or less natural than needed",SHORTEN,"Consultas, prevención y restauraciones básicas.",no,no,
sitewide/shared,name,src/data/serviceCatalog.ts:23,Consulta o valoración por odontología general,Information / orientation,KEEP,"Already clear, useful and natural enough",KEEP,Consulta o valoración por odontología general,no,no,
sitewide/shared,summary,src/data/serviceCatalog.ts:25,"Primer paso para revisar salud oral, molestias o dudas de tratamiento.",Information / orientation,REWRITE,"Stiff, repetitive or less natural than needed",REWRITE,"Revisión de la salud oral, molestias o dudas de tratamiento.",no,no,
sitewide/shared,name,src/data/serviceCatalog.ts:29,Limpieza dental,Information / orientation,KEEP,"Already clear, useful and natural enough",KEEP,Limpieza dental,no,no,
sitewide/shared,summary,src/data/serviceCatalog.ts:31,"Cuidado preventivo para placa, encías y recomendaciones de higiene.",Information / orientation,REWRITE,"Stiff, repetitive or less natural than needed",REWRITE,Remoción de placa y revisión del cuidado de las encías.,no,no,
sitewide/shared,name,src/data/serviceCatalog.ts:35,Profilaxis,Information / orientation,KEEP,"Already clear, useful and natural enough",KEEP,Profilaxis,no,no,
sitewide/shared,summary,src/data/serviceCatalog.ts:37,Orientación preventiva y control de higiene oral según cada caso.,Information / orientation,SHORTEN,"Stiff, repetitive or less natural than needed",SHORTEN,Limpieza y recomendaciones de higiene oral.,no,no,
sitewide/shared,name,src/data/serviceCatalog.ts:41,Calzas en resina,Information / orientation,KEEP,"Already clear, useful and natural enough",KEEP,Calzas en resina,no,no,
sitewide/shared,summary,src/data/serviceCatalog.ts:43,Restauraciones del color del diente cuando el diagnóstico lo permite.,Information / orientation,KEEP,"Already clear, useful and natural enough",KEEP,Restauraciones del color del diente cuando el diagnóstico lo permite.,no,no,
sitewide/shared,name,src/data/serviceCatalog.ts:47,Cambio de amalgamas por resinas estéticas,Information / orientation,KEEP,"Already clear, useful and natural enough",KEEP,Cambio de amalgamas por resinas estéticas,no,no,
sitewide/shared,summary,src/data/serviceCatalog.ts:49,Revisión de restauraciones antiguas y alternativas estéticas responsables.,Information / orientation,SHORTEN,"Stiff, repetitive or less natural than needed",SHORTEN,Revisión de restauraciones antiguas y opciones de reemplazo.,no,no,
sitewide/shared,name,src/data/serviceCatalog.ts:53,Extracciones simples,Information / orientation,KEEP,"Already clear, useful and natural enough",KEEP,Extracciones simples,no,no,
sitewide/shared,summary,src/data/serviceCatalog.ts:54,Valoración para definir si una extracción simple es necesaria y viable.,Information / orientation,SHORTEN,"Stiff, repetitive or less natural than needed",SHORTEN,Revisión para saber si es necesario extraer el diente.,no,no,
sitewide/shared,title,src/data/serviceCatalog.ts:60,Odontología estética,Heading / scanning,KEEP,"Already clear, useful and natural enough",KEEP,Odontología estética,no,no,
sitewide/shared,description,src/data/serviceCatalog.ts:61,Opciones estéticas explicadas con expectativas realistas y valoración previa.,Information / orientation,REWRITE,"Stiff, repetitive or less natural than needed",REWRITE,"Opciones para cambiar el color, la forma o la apariencia de los dientes.",no,no,
sitewide/shared,name,src/data/serviceCatalog.ts:64,Odontología estética,Information / orientation,KEEP,"Already clear, useful and natural enough",KEEP,Odontología estética,no,no,
sitewide/shared,summary,src/data/serviceCatalog.ts:66,"Orientación para revisar forma, color, armonía y salud oral.",Information / orientation,SHORTEN,"Stiff, repetitive or less natural than needed",SHORTEN,"Revisión de forma, color y salud oral.",no,no,
sitewide/shared,name,src/data/serviceCatalog.ts:70,Blanqueamiento dental,Information / orientation,KEEP,"Already clear, useful and natural enough",KEEP,Blanqueamiento dental,no,no,
sitewide/shared,summary,src/data/serviceCatalog.ts:72,"Evaluación de tono, sensibilidad y cuidados antes de iniciar.",Information / orientation,KEEP,"Already clear, useful and natural enough",KEEP,"Evaluación de tono, sensibilidad y cuidados antes de iniciar.",no,no,
sitewide/shared,name,src/data/serviceCatalog.ts:76,Diseño de sonrisa,Information / orientation,KEEP,"Already clear, useful and natural enough",KEEP,Diseño de sonrisa,no,no,
sitewide/shared,summary,src/data/serviceCatalog.ts:78,Planeación estética responsable según salud oral y expectativas.,Information / orientation,REWRITE,"Stiff, repetitive or less natural than needed",REWRITE,Planeación de cambios según la salud oral y lo que quieres mejorar.,no,no,
sitewide/shared,name,src/data/serviceCatalog.ts:82,Microdiseño de sonrisa,Information / orientation,KEEP,"Already clear, useful and natural enough",KEEP,Microdiseño de sonrisa,no,no,
sitewide/shared,summary,src/data/serviceCatalog.ts:84,"Revisión de ajustes conservadores de forma, color o proporción.",Information / orientation,KEEP,"Already clear, useful and natural enough",KEEP,"Revisión de ajustes conservadores de forma, color o proporción.",no,no,
sitewide/shared,name,src/data/serviceCatalog.ts:88,Resinas estéticas,Information / orientation,KEEP,"Already clear, useful and natural enough",KEEP,Resinas estéticas,no,no,
sitewide/shared,summary,src/data/serviceCatalog.ts:90,Restauraciones estéticas para casos definidos en valoración.,Information / orientation,REWRITE,"Stiff, repetitive or less natural than needed",REWRITE,Restauraciones del color del diente para mejorar forma y función.,no,no,
sitewide/shared,name,src/data/serviceCatalog.ts:94,Coronas dentales,Information / orientation,KEEP,"Already clear, useful and natural enough",KEEP,Coronas dentales,no,no,
sitewide/shared,summary,src/data/serviceCatalog.ts:96,Alternativa restaurativa que requiere diagnóstico y planificación.,Information / orientation,REWRITE,"Stiff, repetitive or less natural than needed",REWRITE,Restauración para cubrir y proteger un diente cuando corresponde.,no,no,
sitewide/shared,title,src/data/serviceCatalog.ts:102,Ortodoncia y desarrollo maxilar,Heading / scanning,KEEP,"Already clear, useful and natural enough",KEEP,Ortodoncia y desarrollo maxilar,no,no,
sitewide/shared,description,src/data/serviceCatalog.ts:103,"Valoración de alineación dental, mordida y desarrollo maxilar.",Information / orientation,KEEP,"Already clear, useful and natural enough",KEEP,"Valoración de alineación dental, mordida y desarrollo maxilar.",no,no,
sitewide/shared,name,src/data/serviceCatalog.ts:106,Ortodoncia,Information / orientation,KEEP,"Already clear, useful and natural enough",KEEP,Ortodoncia,no,no,
sitewide/shared,summary,src/data/serviceCatalog.ts:108,"Revisión de alineación, mordida y alternativas de manejo.",Information / orientation,KEEP,"Already clear, useful and natural enough",KEEP,"Revisión de alineación, mordida y alternativas de manejo.",no,no,
sitewide/shared,name,src/data/serviceCatalog.ts:112,Ortopedia maxilar,Information / orientation,KEEP,"Already clear, useful and natural enough",KEEP,Ortopedia maxilar,no,no,
sitewide/shared,summary,src/data/serviceCatalog.ts:114,Orientación para casos que requieren valoración del desarrollo maxilar.,Information / orientation,SHORTEN,"Stiff, repetitive or less natural than needed",SHORTEN,Revisión del crecimiento y desarrollo de los maxilares.,no,no,
sitewide/shared,title,src/data/serviceCatalog.ts:120,Rehabilitación oral,Heading / scanning,KEEP,"Already clear, useful and natural enough",KEEP,Rehabilitación oral,no,no,
sitewide/shared,description,src/data/serviceCatalog.ts:121,"Opciones para recuperar función, comodidad y piezas dentales ausentes.",Information / orientation,KEEP,"Already clear, useful and natural enough",KEEP,"Opciones para recuperar función, comodidad y piezas dentales ausentes.",no,no,
sitewide/shared,name,src/data/serviceCatalog.ts:124,Prótesis dentales,Information / orientation,KEEP,"Already clear, useful and natural enough",KEEP,Prótesis dentales,no,no,
sitewide/shared,summary,src/data/serviceCatalog.ts:126,Alternativas para recuperar función masticatoria y comodidad.,Information / orientation,KEEP,"Already clear, useful and natural enough",KEEP,Alternativas para recuperar función masticatoria y comodidad.,no,no,
sitewide/shared,name,src/data/serviceCatalog.ts:130,Implantología,Information / orientation,KEEP,"Already clear, useful and natural enough",KEEP,Implantología,no,no,
sitewide/shared,summary,src/data/serviceCatalog.ts:132,Valoración para revisar si los implantes son una opción en tu caso.,Information / orientation,KEEP,"Already clear, useful and natural enough",KEEP,Valoración para revisar si los implantes son una opción en tu caso.,no,no,
sitewide/shared,name,src/data/serviceCatalog.ts:136,Coronas dentales,Information / orientation,KEEP,"Already clear, useful and natural enough",KEEP,Coronas dentales,no,no,
sitewide/shared,summary,src/data/serviceCatalog.ts:138,Restauración planificada según estructura dental y diagnóstico.,Information / orientation,KEEP,"Already clear, useful and natural enough",KEEP,Restauración planificada según estructura dental y diagnóstico.,no,no,
sitewide/shared,title,src/data/serviceCatalog.ts:144,"Endodoncia, cirugía y especialidades",Heading / scanning,KEEP,"Already clear, useful and natural enough",KEEP,"Endodoncia, cirugía y especialidades",no,no,
sitewide/shared,description,src/data/serviceCatalog.ts:145,"Orientación para dolor, cordales, casos especializados y remisiones.",Information / orientation,REWRITE,"Stiff, repetitive or less natural than needed",REWRITE,"Consultas por dolor, cordales y casos que necesitan especialista.",no,no,
sitewide/shared,name,src/data/serviceCatalog.ts:148,Endodoncia,Information / orientation,KEEP,"Already clear, useful and natural enough",KEEP,Endodoncia,no,no,
sitewide/shared,summary,src/data/serviceCatalog.ts:150,"Revisión de dolor, sensibilidad o señales que puedan requerir manejo interno del diente.",Information / orientation,KEEP,"Already clear, useful and natural enough",KEEP,"Revisión de dolor, sensibilidad o señales que puedan requerir manejo interno del diente.",no,no,
sitewide/shared,name,src/data/serviceCatalog.ts:154,Extracción de cordales,Information / orientation,KEEP,"Already clear, useful and natural enough",KEEP,Extracción de cordales,no,no,
sitewide/shared,summary,src/data/serviceCatalog.ts:156,"Valoración de terceros molares, molestias, inflamación o indicación quirúrgica.",Information / orientation,REWRITE,"Stiff, repetitive or less natural than needed",REWRITE,"Revisión de cordales por molestia, inflamación o posible extracción.",no,no,
sitewide/shared,name,src/data/serviceCatalog.ts:160,Consulta por odontología especializada,Information / orientation,KEEP,"Already clear, useful and natural enough",KEEP,Consulta por odontología especializada,no,no,
sitewide/shared,summary,src/data/serviceCatalog.ts:161,Orientación para definir el profesional o manejo adecuado.,Information / orientation,REWRITE,"Stiff, repetitive or less natural than needed",REWRITE,Revisión para saber qué profesional debe atender el caso.,no,no,
sitewide/shared,name,src/data/serviceCatalog.ts:165,Remisión a periodoncia,Information / orientation,KEEP,"Already clear, useful and natural enough",KEEP,Remisión a periodoncia,no,no,
sitewide/shared,summary,src/data/serviceCatalog.ts:166,Orientación cuando se identifican necesidades relacionadas con encías o soporte dental.,Information / orientation,SHORTEN,"Stiff, repetitive or less natural than needed",SHORTEN,Remisión para casos relacionados con encías o soporte dental.,no,no,
sitewide/shared,name,src/data/serviceCatalog.ts:170,Remisión a odontopediatría,Information / orientation,KEEP,"Already clear, useful and natural enough",KEEP,Remisión a odontopediatría,no,no,
sitewide/shared,summary,src/data/serviceCatalog.ts:171,Orientación para casos infantiles que requieren valoración especializada.,Information / orientation,SHORTEN,"Stiff, repetitive or less natural than needed",SHORTEN,Remisión de casos infantiles que necesitan especialista.,no,no,
sitewide/shared,title,src/data/serviceCatalog.ts:177,Atención infantil,Heading / scanning,KEEP,"Already clear, useful and natural enough",KEEP,Atención infantil,no,no,
sitewide/shared,description,src/data/serviceCatalog.ts:178,Orientación prudente para necesidades odontológicas en niños.,Information / orientation,SHORTEN,"Stiff, repetitive or less natural than needed",SHORTEN,Consultas y remisiones odontológicas para niños.,no,no,
sitewide/shared,name,src/data/serviceCatalog.ts:181,Remisión a odontopediatría,Information / orientation,KEEP,"Already clear, useful and natural enough",KEEP,Remisión a odontopediatría,no,no,
sitewide/shared,summary,src/data/serviceCatalog.ts:182,Apoyo para dirigir casos infantiles hacia valoración especializada cuando aplica.,Information / orientation,SHORTEN,"Stiff, repetitive or less natural than needed",SHORTEN,Remisión a especialista cuando el caso lo requiere.,no,no,
sitewide/shared,name,src/data/serviceCatalog.ts:186,Exodoncias simples para niños,Information / orientation,KEEP,"Already clear, useful and natural enough",KEEP,Exodoncias simples para niños,no,no,
sitewide/shared,summary,src/data/serviceCatalog.ts:187,Valoración previa para definir si el manejo corresponde y es oportuno.,Information / orientation,REWRITE,"Stiff, repetitive or less natural than needed",REWRITE,Revisión previa para saber si corresponde extraer el diente.,no,no,
sitewide/shared,title,src/data/serviceCatalog.ts:193,Armonización orofacial,Heading / scanning,KEEP,"Already clear, useful and natural enough",KEEP,Armonización orofacial,no,no,
sitewide/shared,description,src/data/serviceCatalog.ts:194,"Procedimientos estéticos que requieren valoración, criterio profesional y expectativas claras.",Information / orientation,SHORTEN,"Stiff, repetitive or less natural than needed",SHORTEN,"Procedimientos estéticos para el rostro, definidos después de una consulta.",no,no,
sitewide/shared,name,src/data/serviceCatalog.ts:197,Perfilación y aumento de labios,Information / orientation,KEEP,"Already clear, useful and natural enough",KEEP,Perfilación y aumento de labios,no,no,
sitewide/shared,summary,src/data/serviceCatalog.ts:199,Orientación estética responsable según valoración individual.,Information / orientation,REWRITE,"Stiff, repetitive or less natural than needed",REWRITE,"Consulta sobre forma, volumen y opciones para los labios.",no,no,
sitewide/shared,name,src/data/serviceCatalog.ts:203,Rinomodelación con ácido hialurónico,Information / orientation,KEEP,"Already clear, useful and natural enough",KEEP,Rinomodelación con ácido hialurónico,no,no,
sitewide/shared,summary,src/data/serviceCatalog.ts:205,Consulta para revisar si este procedimiento es adecuado en tu caso.,Information / orientation,KEEP,"Already clear, useful and natural enough",KEEP,Consulta para revisar si este procedimiento es adecuado en tu caso.,no,no,
sitewide/shared,name,src/data/serviceCatalog.ts:209,Botox estético y para bruxismo,Information / orientation,KEEP,"Already clear, useful and natural enough",KEEP,Botox estético y para bruxismo,no,no,
sitewide/shared,summary,src/data/serviceCatalog.ts:211,Valoración para orientación estética o funcional según necesidad.,Information / orientation,REWRITE,"Stiff, repetitive or less natural than needed",REWRITE,Consulta por motivos estéticos o relacionados con bruxismo.,no,no,
sitewide/shared,name,src/data/serviceCatalog.ts:215,Hilos tensores,Information / orientation,KEEP,"Already clear, useful and natural enough",KEEP,Hilos tensores,no,no,
sitewide/shared,summary,src/data/serviceCatalog.ts:217,Orientación profesional antes de considerar el procedimiento.,Information / orientation,SHORTEN,"Stiff, repetitive or less natural than needed",SHORTEN,Consulta para revisar indicación y alternativas.,no,no,
sitewide/shared,name,src/data/serviceCatalog.ts:221,Bichectomía,Information / orientation,KEEP,"Already clear, useful and natural enough",KEEP,Bichectomía,no,no,
sitewide/shared,summary,src/data/serviceCatalog.ts:223,"Consulta para revisar indicación, expectativas y alternativas.",Information / orientation,KEEP,"Already clear, useful and natural enough",KEEP,"Consulta para revisar indicación, expectativas y alternativas.",no,no,
sitewide/shared,name,src/data/serviceCatalog.ts:227,Lipopapada,Information / orientation,KEEP,"Already clear, useful and natural enough",KEEP,Lipopapada,no,no,
sitewide/shared,summary,src/data/serviceCatalog.ts:229,Valoración estética previa antes de definir cualquier manejo.,Information / orientation,REWRITE,"Stiff, repetitive or less natural than needed",REWRITE,Consulta estética para revisar indicación y opciones.,no,no,
sitewide/shared,name,src/data/serviceCatalog.ts:233,Dermapen,Information / orientation,KEEP,"Already clear, useful and natural enough",KEEP,Dermapen,no,no,
sitewide/shared,summary,src/data/serviceCatalog.ts:235,Orientación para cuidado estético según valoración profesional.,Information / orientation,REWRITE,"Stiff, repetitive or less natural than needed",REWRITE,Consulta sobre este procedimiento para el cuidado de la piel.,no,no,
sitewide/shared,title,src/data/serviceCatalog.ts:241,Urgencias odontológicas,Heading / scanning,KEEP,"Already clear, useful and natural enough",KEEP,Urgencias odontológicas,no,no,
sitewide/shared,description,src/data/serviceCatalog.ts:242,Orientación por WhatsApp para revisar disponibilidad según el motivo de urgencia.,Information / orientation,REWRITE,"Stiff, repetitive or less natural than needed",REWRITE,"Consulta disponibilidad por WhatsApp si tienes dolor, inflamación o una fractura.",no,no,
sitewide/shared,name,src/data/serviceCatalog.ts:245,Dolor dental,Information / orientation,KEEP,"Already clear, useful and natural enough",KEEP,Dolor dental,no,no,
sitewide/shared,summary,src/data/serviceCatalog.ts:247,"Consulta disponibilidad si el dolor es fuerte, persistente o aumenta.",Information / orientation,KEEP,"Already clear, useful and natural enough",KEEP,"Consulta disponibilidad si el dolor es fuerte, persistente o aumenta.",no,no,
sitewide/shared,name,src/data/serviceCatalog.ts:251,Inflamación,Information / orientation,KEEP,"Already clear, useful and natural enough",KEEP,Inflamación,no,no,
sitewide/shared,summary,src/data/serviceCatalog.ts:253,"Orientación si hay inflamación, absceso o molestia progresiva.",Information / orientation,REWRITE,"Stiff, repetitive or less natural than needed",REWRITE,"Consulta si hay inflamación, absceso o una molestia que aumenta.",no,no,
sitewide/shared,name,src/data/serviceCatalog.ts:257,Fracturas,Information / orientation,KEEP,"Already clear, useful and natural enough",KEEP,Fracturas,no,no,
sitewide/shared,summary,src/data/serviceCatalog.ts:259,Revisión de disponibilidad ante fractura dental o trauma.,Information / orientation,REWRITE,"Stiff, repetitive or less natural than needed",REWRITE,Consulta disponibilidad ante una fractura dental o un golpe.,no,no,
sitewide/shared,name,src/data/serviceCatalog.ts:263,Molestias dentales,Information / orientation,KEEP,"Already clear, useful and natural enough",KEEP,Molestias dentales,no,no,
sitewide/shared,summary,src/data/serviceCatalog.ts:265,Orientación inicial para definir el siguiente paso responsable.,Information / orientation,SHORTEN,"Stiff, repetitive or less natural than needed",SHORTEN,Describe la molestia para consultar disponibilidad.,no,no,
sitewide/shared,name,src/data/serviceCatalog.ts:269,Urgencias odontológicas,Information / orientation,KEEP,"Already clear, useful and natural enough",KEEP,Urgencias odontológicas,no,no,
sitewide/shared,summary,src/data/serviceCatalog.ts:271,"Consulta disponibilidad para dolor, inflamación, fractura o emergencia dental.",Information / orientation,KEEP,"Already clear, useful and natural enough",KEEP,"Consulta disponibilidad para dolor, inflamación, fractura o emergencia dental.",no,no,
sitewide/shared,whatsappMessage,src/data/serviceCatalog.ts:273,"Hola, tengo una urgencia odontológica y estoy en Carepa o cerca. ¿Me pueden ayudar con disponibilidad?",Prefilled WhatsApp message,SHORTEN,"Stiff, repetitive or less natural than needed",SHORTEN,"Hola, tengo una urgencia odontológica. ¿Tienen disponibilidad para atenderme?",no,no,
/servicios/*,title,src/data/servicePages.ts:52,Limpieza dental en Carepa | Profilaxis y cuidado preventivo,Heading / scanning,KEEP,"Already clear, useful and natural enough",KEEP,Limpieza dental en Carepa | Profilaxis y cuidado preventivo,yes,no,
/servicios/*,metaDescription,src/data/servicePages.ts:54,"Agenda por WhatsApp una valoración para limpieza dental en Carepa, Antioquia. Cuidado preventivo, orientación clara y recomendaciones según tu caso.",Search snippet,REWRITE,Overexplained or difficult to scan,REWRITE,"Consulta por limpieza dental en Carepa, Antioquia. Agenda una valoración por WhatsApp y recibe indicaciones según tu salud oral.",yes,no,
/servicios/*,intro,src/data/servicePages.ts:57,"La limpieza dental ayuda a mantener una buena higiene oral y permite revisar el estado de encías, dientes y hábitos de cuidado. En Carepa, puedes agendar una valoración para recibir orientación profesional antes de decidir el siguiente paso.",Information / orientation,SHORTEN,Overexplained or difficult to scan,SHORTEN,"La limpieza dental ayuda a remover placa y manchas superficiales. Antes de realizarla, revisamos el estado de dientes y encías.",yes,no,
/servicios/*,question,src/data/servicePages.ts:75,¿Cada cuánto se recomienda una limpieza dental?,Patient FAQ,KEEP,"Already clear, useful and natural enough",KEEP,¿Cada cuánto se recomienda una limpieza dental?,yes,no,
/servicios/*,answer,src/data/servicePages.ts:77,"Depende de tus hábitos, antecedentes y salud de encías. La frecuencia debe definirse en valoración profesional.",Patient FAQ,KEEP,"Already clear, useful and natural enough",KEEP,"Depende de tus hábitos, antecedentes y salud de encías. La frecuencia debe definirse en valoración profesional.",yes,no,
/servicios/*,question,src/data/servicePages.ts:80,¿La limpieza dental reemplaza una valoración?,Patient FAQ,KEEP,"Already clear, useful and natural enough",KEEP,¿La limpieza dental reemplaza una valoración?,yes,no,
/servicios/*,answer,src/data/servicePages.ts:82,No. La valoración permite revisar el estado oral y confirmar qué tipo de limpieza o cuidado necesitas.,Patient FAQ,KEEP,"Already clear, useful and natural enough",KEEP,No. La valoración permite revisar el estado oral y confirmar qué tipo de limpieza o cuidado necesitas.,yes,no,
/servicios/*,whatsappMessage,src/data/servicePages.ts:86,"Hola, estoy en Carepa y quiero consultar por limpieza dental. ¿Me pueden orientar con disponibilidad para una valoración?",Prefilled WhatsApp message,SHORTEN,Overexplained or difficult to scan,SHORTEN,"Hola, quisiera información sobre limpieza dental. ¿Tienen disponibilidad para una valoración?",yes,no,
/servicios/*,title,src/data/servicePages.ts:92,Blanqueamiento dental en Carepa | Valoración estética responsable,Heading / scanning,KEEP,"Already clear, useful and natural enough",KEEP,Blanqueamiento dental en Carepa | Valoración estética responsable,yes,no,
/servicios/*,metaDescription,src/data/servicePages.ts:94,"Consulta por blanqueamiento dental en Carepa. Valoración estética responsable para revisar sensibilidad, expectativas y opciones según tu salud oral.",Search snippet,SHORTEN,Overexplained or difficult to scan,SHORTEN,"Consulta por blanqueamiento dental en Carepa. Revisa sensibilidad, tono y opciones según tu salud oral antes de iniciar.",yes,no,
/servicios/*,intro,src/data/servicePages.ts:97,"El blanqueamiento dental puede ayudar a aclarar el tono de los dientes, pero debe valorarse según sensibilidad, restauraciones existentes y estado general de la boca. La orientación profesional evita expectativas poco realistas.",Information / orientation,SHORTEN,Overexplained or difficult to scan,SHORTEN,"El blanqueamiento puede aclarar el tono de los dientes. Antes de iniciarlo, hay que revisar sensibilidad, restauraciones y salud oral.",yes,no,
/servicios/*,question,src/data/servicePages.ts:115,¿El blanqueamiento sirve para todos los casos?,Patient FAQ,KEEP,"Already clear, useful and natural enough",KEEP,¿El blanqueamiento sirve para todos los casos?,yes,no,
/servicios/*,answer,src/data/servicePages.ts:117,"No siempre. Depende del origen del color, restauraciones, sensibilidad y salud oral.",Patient FAQ,KEEP,"Already clear, useful and natural enough",KEEP,"No siempre. Depende del origen del color, restauraciones, sensibilidad y salud oral.",yes,no,
/servicios/*,question,src/data/servicePages.ts:120,¿Puede generar sensibilidad?,Patient FAQ,KEEP,"Already clear, useful and natural enough",KEEP,¿Puede generar sensibilidad?,yes,no,
/servicios/*,answer,src/data/servicePages.ts:122,Puede presentarse sensibilidad en algunos casos. Por eso conviene revisar antecedentes antes de iniciar.,Patient FAQ,KEEP,"Already clear, useful and natural enough",KEEP,Puede presentarse sensibilidad en algunos casos. Por eso conviene revisar antecedentes antes de iniciar.,yes,no,
/servicios/*,whatsappMessage,src/data/servicePages.ts:126,"Hola, estoy en Carepa y quiero consultar por blanqueamiento dental. ¿Me pueden orientar con disponibilidad para una valoración?",Prefilled WhatsApp message,SHORTEN,Overexplained or difficult to scan,SHORTEN,"Hola, quisiera información sobre blanqueamiento dental. ¿Tienen disponibilidad para una valoración?",yes,no,
/servicios/*,title,src/data/servicePages.ts:132,Resinas estéticas en Carepa | Restauraciones dentales,Heading / scanning,KEEP,"Already clear, useful and natural enough",KEEP,Resinas estéticas en Carepa | Restauraciones dentales,yes,no,
/servicios/*,metaDescription,src/data/servicePages.ts:134,"Consulta por resinas estéticas en Carepa. Valoración para revisar forma, color, función y alternativas restaurativas según diagnóstico.",Search snippet,SEO-KEEP,Clear search intent and local relevance,KEEP,"Consulta por resinas estéticas en Carepa. Valoración para revisar forma, color, función y alternativas restaurativas según diagnóstico.",yes,no,
/servicios/*,intro,src/data/servicePages.ts:137,"Las resinas estéticas pueden ayudar a restaurar dientes con desgaste, fracturas pequeñas o cambios de forma, siempre que el diagnóstico indique que son una opción adecuada.",Information / orientation,SHORTEN,Long for its interface context,SHORTEN,"Las resinas estéticas pueden ayudar a restaurar dientes con desgaste, fracturas pequeñas o cambios de forma, siempre que el diagnóstico indique que son una opción adecuada.",yes,no,
/servicios/*,question,src/data/servicePages.ts:155,¿Las resinas duran para siempre?,Patient FAQ,KEEP,"Already clear, useful and natural enough",KEEP,¿Las resinas duran para siempre?,yes,no,
/servicios/*,answer,src/data/servicePages.ts:157,"No. Su duración depende de hábitos, mordida, higiene y cuidados. Deben controlarse periódicamente.",Patient FAQ,KEEP,"Already clear, useful and natural enough",KEEP,"No. Su duración depende de hábitos, mordida, higiene y cuidados. Deben controlarse periódicamente.",yes,no,
/servicios/*,question,src/data/servicePages.ts:160,¿Una resina sirve para cualquier fractura?,Patient FAQ,KEEP,"Already clear, useful and natural enough",KEEP,¿Una resina sirve para cualquier fractura?,yes,no,
/servicios/*,answer,src/data/servicePages.ts:162,"No necesariamente. Algunas fracturas requieren otro manejo, por eso se debe valorar el caso.",Patient FAQ,KEEP,"Already clear, useful and natural enough",KEEP,"No necesariamente. Algunas fracturas requieren otro manejo, por eso se debe valorar el caso.",yes,no,
/servicios/*,whatsappMessage,src/data/servicePages.ts:166,"Hola, estoy en Carepa y quiero consultar por resinas estéticas. ¿Me pueden orientar con disponibilidad para una valoración?",Prefilled WhatsApp message,SHORTEN,Overexplained or difficult to scan,SHORTEN,"Hola, quisiera información sobre resinas estéticas. ¿Tienen disponibilidad para una valoración?",yes,no,
/servicios/*,title,src/data/servicePages.ts:172,Diseño de sonrisa en Carepa | Valoración estética dental,Heading / scanning,KEEP,"Already clear, useful and natural enough",KEEP,Diseño de sonrisa en Carepa | Valoración estética dental,yes,no,
/servicios/*,metaDescription,src/data/servicePages.ts:174,"Consulta por diseño de sonrisa en Carepa. Valoración estética responsable para revisar opciones reales según salud oral, forma dental y expectativas.",Search snippet,REWRITE,Overexplained or difficult to scan,REWRITE,"Consulta por diseño de sonrisa en Carepa. Revisa opciones según tu salud oral, la forma de los dientes y lo que quieres cambiar.",yes,no,
/servicios/*,intro,src/data/servicePages.ts:177,"El diseño de sonrisa debe iniciar con una valoración responsable. Antes de hablar de materiales o cambios estéticos, conviene revisar salud oral, encías, mordida, color y expectativas.",Information / orientation,SHORTEN,Overexplained or difficult to scan,SHORTEN,"Antes de planear un diseño de sonrisa, revisamos la salud oral, las encías, la mordida y los cambios que te gustaría hacer.",yes,no,
/servicios/*,question,src/data/servicePages.ts:195,¿El diseño de sonrisa es igual para todos?,Patient FAQ,KEEP,"Already clear, useful and natural enough",KEEP,¿El diseño de sonrisa es igual para todos?,yes,no,
/servicios/*,answer,src/data/servicePages.ts:197,"No. Cada plan depende de la salud oral, forma dental, mordida, presupuesto y expectativas.",Patient FAQ,KEEP,"Already clear, useful and natural enough",KEEP,"No. Cada plan depende de la salud oral, forma dental, mordida, presupuesto y expectativas.",yes,no,
/servicios/*,question,src/data/servicePages.ts:200,¿Puedo preguntar antes de agendar?,Patient FAQ,KEEP,"Already clear, useful and natural enough",KEEP,¿Puedo preguntar antes de agendar?,yes,no,
/servicios/*,answer,src/data/servicePages.ts:202,Sí. Puedes escribir por WhatsApp para recibir orientación inicial y saber si conviene una valoración.,Patient FAQ,SHORTEN,"Stiff, repetitive or less natural than needed",SHORTEN,Sí. Puedes escribir por WhatsApp y preguntar si conviene agendar una valoración.,yes,no,
/servicios/*,whatsappMessage,src/data/servicePages.ts:206,"Hola, estoy en Carepa y quiero consultar por diseño de sonrisa. ¿Me pueden orientar con disponibilidad para una valoración?",Prefilled WhatsApp message,SHORTEN,Overexplained or difficult to scan,SHORTEN,"Hola, quisiera información sobre diseño de sonrisa. ¿Tienen disponibilidad para una valoración?",yes,no,
/servicios/*,title,src/data/servicePages.ts:212,Ortodoncia en Carepa | Valoración de alineación y mordida,Heading / scanning,KEEP,"Already clear, useful and natural enough",KEEP,Ortodoncia en Carepa | Valoración de alineación y mordida,yes,no,
/servicios/*,metaDescription,src/data/servicePages.ts:214,"Consulta por ortodoncia en Carepa. Agenda valoración para revisar alineación dental, mordida y alternativas según diagnóstico profesional.",Search snippet,SEO-KEEP,Clear search intent and local relevance,KEEP,"Consulta por ortodoncia en Carepa. Agenda valoración para revisar alineación dental, mordida y alternativas según diagnóstico profesional.",yes,no,
/servicios/*,intro,src/data/servicePages.ts:217,"La ortodoncia busca revisar alineación dental y mordida. Antes de iniciar, es importante una valoración que permita entender el caso y definir si hay condiciones previas por tratar.",Information / orientation,SHORTEN,Overexplained or difficult to scan,SHORTEN,"La ortodoncia corrige la alineación de los dientes y la mordida. Antes de iniciar, revisamos el caso y si hay algo que deba tratarse primero.",yes,no,
/servicios/*,question,src/data/servicePages.ts:235,¿Necesito exámenes antes de iniciar ortodoncia?,Patient FAQ,KEEP,"Already clear, useful and natural enough",KEEP,¿Necesito exámenes antes de iniciar ortodoncia?,yes,no,
/servicios/*,answer,src/data/servicePages.ts:237,Puede ser necesario según el caso. La valoración define qué información adicional se requiere.,Patient FAQ,KEEP,"Already clear, useful and natural enough",KEEP,Puede ser necesario según el caso. La valoración define qué información adicional se requiere.,yes,no,
/servicios/*,question,src/data/servicePages.ts:240,¿Todos los casos toman el mismo tiempo?,Patient FAQ,KEEP,"Already clear, useful and natural enough",KEEP,¿Todos los casos toman el mismo tiempo?,yes,no,
/servicios/*,answer,src/data/servicePages.ts:242,"No. Los tiempos dependen de diagnóstico, objetivos, respuesta biológica y controles.",Patient FAQ,KEEP,"Already clear, useful and natural enough",KEEP,"No. Los tiempos dependen de diagnóstico, objetivos, respuesta biológica y controles.",yes,no,
/servicios/*,whatsappMessage,src/data/servicePages.ts:246,"Hola, estoy en Carepa y quiero consultar por ortodoncia. ¿Me pueden orientar con disponibilidad para una valoración?",Prefilled WhatsApp message,SHORTEN,Overexplained or difficult to scan,SHORTEN,"Hola, quisiera información sobre ortodoncia. ¿Tienen disponibilidad para una valoración?",yes,no,
/servicios/*,title,src/data/servicePages.ts:252,Prótesis dentales en Carepa | Recuperar función y comodidad,Heading / scanning,KEEP,"Already clear, useful and natural enough",KEEP,Prótesis dentales en Carepa | Recuperar función y comodidad,yes,no,
/servicios/*,metaDescription,src/data/servicePages.ts:254,"Consulta por prótesis dentales en Carepa. Valoración para revisar alternativas orientadas a recuperar piezas, función masticatoria y comodidad.",Search snippet,REWRITE,Overexplained or difficult to scan,REWRITE,Consulta por prótesis dentales en Carepa. Conoce alternativas para reemplazar piezas y recuperar la función al masticar.,yes,no,
/servicios/*,intro,src/data/servicePages.ts:257,Las prótesis dentales pueden ser una alternativa para recuperar piezas ausentes y mejorar función masticatoria. La opción adecuada depende de la valoración clínica y de las condiciones de cada paciente.,Information / orientation,SHORTEN,Overexplained or difficult to scan,SHORTEN,Las prótesis dentales sirven para reemplazar piezas ausentes y recuperar la función al masticar. La opción depende de la boca y las necesidades de cada persona.,yes,no,
/servicios/*,question,src/data/servicePages.ts:275,¿Qué tipo de prótesis necesito?,Patient FAQ,KEEP,"Already clear, useful and natural enough",KEEP,¿Qué tipo de prótesis necesito?,yes,no,
/servicios/*,answer,src/data/servicePages.ts:277,"Depende de piezas ausentes, encías, mordida y expectativas. Debe definirse en valoración.",Patient FAQ,KEEP,"Already clear, useful and natural enough",KEEP,"Depende de piezas ausentes, encías, mordida y expectativas. Debe definirse en valoración.",yes,no,
/servicios/*,question,src/data/servicePages.ts:280,¿Puedo consultar si mi prótesis actual molesta?,Patient FAQ,KEEP,"Already clear, useful and natural enough",KEEP,¿Puedo consultar si mi prótesis actual molesta?,yes,no,
/servicios/*,answer,src/data/servicePages.ts:282,Sí. Puedes escribir por WhatsApp y explicar qué incomodidad tienes para revisar disponibilidad.,Patient FAQ,KEEP,"Already clear, useful and natural enough",KEEP,Sí. Puedes escribir por WhatsApp y explicar qué incomodidad tienes para revisar disponibilidad.,yes,no,
/servicios/*,whatsappMessage,src/data/servicePages.ts:286,"Hola, estoy en Carepa y quiero consultar por prótesis dentales. ¿Me pueden orientar con disponibilidad para una valoración?",Prefilled WhatsApp message,SHORTEN,Overexplained or difficult to scan,SHORTEN,"Hola, quisiera información sobre prótesis dentales. ¿Tienen disponibilidad para una valoración?",yes,no,
/servicios/*,title,src/data/servicePages.ts:291,Caso de rehabilitación con prótesis dental,Heading / scanning,KEEP,"Already clear, useful and natural enough",KEEP,Caso de rehabilitación con prótesis dental,yes,no,
/servicios/*,alt,src/data/servicePages.ts:294,Paciente antes de la rehabilitación con prótesis dental superior,Describe image for accessibility,KEEP,"Already clear, useful and natural enough",KEEP,Paciente antes de la rehabilitación con prótesis dental superior,yes,no,
/servicios/*,alt,src/data/servicePages.ts:298,El mismo paciente después de la rehabilitación con prótesis dental superior,Describe image for accessibility,KEEP,"Already clear, useful and natural enough",KEEP,El mismo paciente después de la rehabilitación con prótesis dental superior,yes,no,
/servicios/*,title,src/data/servicePages.ts:307,Endodoncia en Carepa | Valoración por dolor dental,Heading / scanning,KEEP,"Already clear, useful and natural enough",KEEP,Endodoncia en Carepa | Valoración por dolor dental,yes,no,
/servicios/*,metaDescription,src/data/servicePages.ts:309,"Consulta por endodoncia en Carepa. Agenda valoración para revisar dolor, sensibilidad o molestias dentales y recibir orientación profesional.",Search snippet,SHORTEN,Overexplained or difficult to scan,SHORTEN,"Consulta por endodoncia en Carepa. Agenda una valoración para revisar dolor, sensibilidad o molestias en un diente.",yes,no,
/servicios/*,intro,src/data/servicePages.ts:312,"La endodoncia puede considerarse cuando hay dolor, sensibilidad persistente o señales de compromiso interno del diente. La valoración permite revisar el caso y definir si este manejo corresponde.",Information / orientation,SHORTEN,Overexplained or difficult to scan,SHORTEN,La endodoncia puede ser necesaria cuando hay dolor o sensibilidad persistente. Primero hay que revisar si la molestia viene del interior del diente.,yes,no,
/servicios/*,question,src/data/servicePages.ts:330,¿Todo dolor dental requiere endodoncia?,Patient FAQ,KEEP,"Already clear, useful and natural enough",KEEP,¿Todo dolor dental requiere endodoncia?,yes,no,
/servicios/*,answer,src/data/servicePages.ts:332,"No. El dolor puede tener diferentes causas. La valoración define si se requiere endodoncia, restauración, manejo periodontal u otro tratamiento.",Patient FAQ,KEEP,"Already clear, useful and natural enough",KEEP,"No. El dolor puede tener diferentes causas. La valoración define si se requiere endodoncia, restauración, manejo periodontal u otro tratamiento.",yes,no,
/servicios/*,question,src/data/servicePages.ts:335,¿Puedo consultar primero por WhatsApp?,Patient FAQ,KEEP,"Already clear, useful and natural enough",KEEP,¿Puedo consultar primero por WhatsApp?,yes,no,
/servicios/*,answer,src/data/servicePages.ts:337,Sí. Puedes explicar tus síntomas para revisar disponibilidad y saber cómo iniciar la valoración.,Patient FAQ,SHORTEN,"Stiff, repetitive or less natural than needed",SHORTEN,Sí. Describe los síntomas para consultar disponibilidad y saber cómo empezar.,yes,no,
/servicios/*,whatsappMessage,src/data/servicePages.ts:341,"Hola, estoy en Carepa y quiero consultar por endodoncia. ¿Me pueden orientar con disponibilidad para una valoración?",Prefilled WhatsApp message,SHORTEN,Overexplained or difficult to scan,SHORTEN,"Hola, quisiera información sobre endodoncia. ¿Tienen disponibilidad para una valoración?",yes,no,
/servicios/*,title,src/data/servicePages.ts:347,Implantología en Carepa | Valoración para implantes dentales,Heading / scanning,KEEP,"Already clear, useful and natural enough",KEEP,Implantología en Carepa | Valoración para implantes dentales,yes,no,
/servicios/*,metaDescription,src/data/servicePages.ts:349,"Consulta por implantología en Carepa. Valoración para revisar piezas ausentes, alternativas de rehabilitación oral y pasos según diagnóstico.",Search snippet,SEO-KEEP,Clear search intent and local relevance,KEEP,"Consulta por implantología en Carepa. Valoración para revisar piezas ausentes, alternativas de rehabilitación oral y pasos según diagnóstico.",yes,no,
/servicios/*,intro,src/data/servicePages.ts:352,"La implantología es una alternativa de rehabilitación oral que debe planearse con valoración profesional. Antes de decidir, se revisan condiciones orales, necesidades funcionales y opciones posibles.",Information / orientation,SHORTEN,Overexplained or difficult to scan,SHORTEN,"Los implantes dentales pueden reemplazar piezas ausentes. Antes de decidir, revisamos la salud oral y las alternativas de rehabilitación.",yes,no,
/servicios/*,question,src/data/servicePages.ts:370,¿Los implantes son para todos los pacientes?,Patient FAQ,KEEP,"Already clear, useful and natural enough",KEEP,¿Los implantes son para todos los pacientes?,yes,no,
/servicios/*,answer,src/data/servicePages.ts:372,"No siempre. La indicación depende de salud oral, hueso, hábitos, antecedentes y diagnóstico profesional.",Patient FAQ,KEEP,"Already clear, useful and natural enough",KEEP,"No siempre. La indicación depende de salud oral, hueso, hábitos, antecedentes y diagnóstico profesional.",yes,no,
/servicios/*,question,src/data/servicePages.ts:375,¿La valoración define el tratamiento exacto?,Patient FAQ,KEEP,"Already clear, useful and natural enough",KEEP,¿La valoración define el tratamiento exacto?,yes,no,
/servicios/*,answer,src/data/servicePages.ts:377,La valoración inicial orienta el caso y puede indicar si se requieren estudios adicionales antes de definir un plan.,Patient FAQ,KEEP,"Already clear, useful and natural enough",KEEP,La valoración inicial orienta el caso y puede indicar si se requieren estudios adicionales antes de definir un plan.,yes,no,
/servicios/*,whatsappMessage,src/data/servicePages.ts:381,"Hola, estoy en Carepa y quiero consultar por implantología. ¿Me pueden orientar con disponibilidad para una valoración?",Prefilled WhatsApp message,SHORTEN,Overexplained or difficult to scan,SHORTEN,"Hola, quisiera información sobre implantes dentales. ¿Tienen disponibilidad para una valoración?",yes,no,
/servicios/*,title,src/data/servicePages.ts:387,Armonización orofacial en Carepa | Valoración estética responsable,Heading / scanning,KEEP,"Already clear, useful and natural enough",KEEP,Armonización orofacial en Carepa | Valoración estética responsable,yes,no,
/servicios/*,metaDescription,src/data/servicePages.ts:389,"Consulta por armonización orofacial en Carepa. Orientación estética responsable con valoración previa, expectativas claras y disponibilidad por WhatsApp.",Search snippet,SHORTEN,Overexplained or difficult to scan,SHORTEN,"Consulta por armonización orofacial en Carepa. Revisa indicaciones, alternativas y disponibilidad por WhatsApp.",yes,no,
/servicios/*,intro,src/data/servicePages.ts:392,"La armonización orofacial requiere valoración individual, explicación clara de expectativas y criterio profesional. La consulta ayuda a revisar si el procedimiento que tienes en mente es adecuado para tu caso.",Information / orientation,SHORTEN,Overexplained or difficult to scan,SHORTEN,La armonización orofacial reúne procedimientos estéticos para el rostro. En consulta revisamos si la opción que tienes en mente corresponde a tu caso.,yes,no,
/servicios/*,question,src/data/servicePages.ts:410,¿Se pueden prometer resultados exactos?,Patient FAQ,KEEP,"Already clear, useful and natural enough",KEEP,¿Se pueden prometer resultados exactos?,yes,no,
/servicios/*,answer,src/data/servicePages.ts:412,No. Cada caso responde de forma diferente. La valoración permite explicar posibilidades y límites de manera responsable.,Patient FAQ,KEEP,"Already clear, useful and natural enough",KEEP,No. Cada caso responde de forma diferente. La valoración permite explicar posibilidades y límites de manera responsable.,yes,no,
/servicios/*,question,src/data/servicePages.ts:415,¿Puedo consultar por varios procedimientos?,Patient FAQ,KEEP,"Already clear, useful and natural enough",KEEP,¿Puedo consultar por varios procedimientos?,yes,no,
/servicios/*,answer,src/data/servicePages.ts:417,Sí. Puedes escribir qué opciones te interesan para recibir orientación inicial y revisar disponibilidad.,Patient FAQ,SHORTEN,"Stiff, repetitive or less natural than needed",SHORTEN,Sí. Escribe qué opciones te interesan y consulta disponibilidad.,yes,no,
/servicios/*,whatsappMessage,src/data/servicePages.ts:421,"Hola, estoy en Carepa y quiero consultar por armonización orofacial. ¿Me pueden orientar con disponibilidad para una valoración?",Prefilled WhatsApp message,SHORTEN,Overexplained or difficult to scan,SHORTEN,"Hola, quisiera información sobre armonización orofacial. ¿Tienen disponibilidad para una valoración?",yes,no,
/servicios/*,title,src/data/servicePages.ts:427,Extracción de cordales en Carepa | Valoración de terceros molares,Heading / scanning,KEEP,"Already clear, useful and natural enough",KEEP,Extracción de cordales en Carepa | Valoración de terceros molares,yes,no,
/servicios/*,metaDescription,src/data/servicePages.ts:429,"Consulta por extracción de cordales en Carepa. Valoración para revisar dolor, inflamación, posición de terceros molares y disponibilidad.",Search snippet,SEO-KEEP,Clear search intent and local relevance,KEEP,"Consulta por extracción de cordales en Carepa. Valoración para revisar dolor, inflamación, posición de terceros molares y disponibilidad.",yes,no,
/servicios/*,intro,src/data/servicePages.ts:432,"Las cordales pueden generar dolor, inflamación o molestias, pero no todos los casos requieren extracción. La valoración ayuda a revisar síntomas, posición y siguiente paso responsable.",Information / orientation,SHORTEN,Overexplained or difficult to scan,SHORTEN,"Las cordales pueden causar dolor o inflamación, pero no siempre hay que extraerlas. Primero revisamos los síntomas y la posición de los dientes.",yes,no,
/servicios/*,question,src/data/servicePages.ts:450,¿Todas las cordales deben extraerse?,Patient FAQ,KEEP,"Already clear, useful and natural enough",KEEP,¿Todas las cordales deben extraerse?,yes,no,
/servicios/*,answer,src/data/servicePages.ts:452,"No. La decisión depende de síntomas, posición, salud oral y diagnóstico profesional.",Patient FAQ,KEEP,"Already clear, useful and natural enough",KEEP,"No. La decisión depende de síntomas, posición, salud oral y diagnóstico profesional.",yes,no,
/servicios/*,question,src/data/servicePages.ts:455,¿Qué debo contar por WhatsApp?,Patient FAQ,KEEP,"Already clear, useful and natural enough",KEEP,¿Qué debo contar por WhatsApp?,yes,no,
/servicios/*,answer,src/data/servicePages.ts:457,"Indica si hay dolor, inflamación, fiebre, dificultad para abrir la boca o cuánto tiempo llevas con la molestia.",Patient FAQ,KEEP,"Already clear, useful and natural enough",KEEP,"Indica si hay dolor, inflamación, fiebre, dificultad para abrir la boca o cuánto tiempo llevas con la molestia.",yes,no,
/servicios/*,whatsappMessage,src/data/servicePages.ts:461,"Hola, estoy en Carepa y quiero consultar por extracción de cordales. ¿Me pueden orientar con disponibilidad para una valoración?",Prefilled WhatsApp message,SHORTEN,Overexplained or difficult to scan,SHORTEN,"Hola, quisiera información sobre extracción de cordales. ¿Tienen disponibilidad para una valoración?",yes,no,
/servicios/*,title,src/data/servicePages.ts:467,Urgencias odontológicas en Carepa | Dolor dental e inflamación,Heading / scanning,KEEP,"Already clear, useful and natural enough",KEEP,Urgencias odontológicas en Carepa | Dolor dental e inflamación,yes,no,
/servicios/*,metaDescription,src/data/servicePages.ts:469,"Consulta disponibilidad para urgencias odontológicas en Carepa por dolor dental, inflamación, fractura o restauración caída. Orientación por WhatsApp.",Search snippet,SHORTEN,Overexplained or difficult to scan,SHORTEN,"Consulta disponibilidad para urgencias odontológicas en Carepa por dolor, inflamación, fractura o una restauración caída.",yes,no,
/servicios/*,intro,src/data/servicePages.ts:472,"Si tienes dolor dental, inflamación, trauma o una restauración caída, puedes escribir por WhatsApp para revisar disponibilidad. La orientación inicial no reemplaza una valoración profesional.",Information / orientation,SHORTEN,Overexplained or difficult to scan,SHORTEN,"Si tienes dolor, inflamación, un golpe o una restauración caída, escribe por WhatsApp para consultar disponibilidad. No hacemos diagnósticos por chat.",yes,no,
/servicios/*,question,src/data/servicePages.ts:490,¿Atienden 24/7?,Patient FAQ,KEEP,"Already clear, useful and natural enough",KEEP,¿Atienden 24/7?,yes,yes,
/servicios/*,answer,src/data/servicePages.ts:492,No se promete atención 24/7. La disponibilidad debe confirmarse por WhatsApp.,Patient FAQ,NEEDS-CLIENT-FACT,Prudent placeholder depends on a confirmed client fact,KEEP UNTIL CONFIRMED,No se promete atención 24/7. La disponibilidad debe confirmarse por WhatsApp.,yes,yes,
/servicios/*,question,src/data/servicePages.ts:495,¿Qué debo escribir si tengo dolor?,Patient FAQ,KEEP,"Already clear, useful and natural enough",KEEP,¿Qué debo escribir si tengo dolor?,yes,no,
/servicios/*,answer,src/data/servicePages.ts:497,"Indica dónde duele, desde cuándo, intensidad, inflamación, fiebre o si hubo trauma.",Patient FAQ,KEEP,"Already clear, useful and natural enough",KEEP,"Indica dónde duele, desde cuándo, intensidad, inflamación, fiebre o si hubo trauma.",yes,no,
/servicios/*,whatsappMessage,src/data/servicePages.ts:501,"Hola, estoy en Carepa y tengo una urgencia odontológica. ¿Me pueden orientar con disponibilidad de atención?",Prefilled WhatsApp message,SHORTEN,"Stiff, repetitive or less natural than needed",SHORTEN,"Hola, tengo una urgencia odontológica. ¿Tienen disponibilidad para atenderme?",yes,no,
/servicios/*,title,src/data/servicePages.ts:507,Odontología familiar en Carepa | Cuidado oral para la familia,Heading / scanning,KEEP,"Already clear, useful and natural enough",KEEP,Odontología familiar en Carepa | Cuidado oral para la familia,yes,no,
/servicios/*,metaDescription,src/data/servicePages.ts:509,Agenda por WhatsApp valoración de odontología familiar en Carepa. Atención preventiva y restaurativa con orientación clara para diferentes etapas.,Search snippet,REWRITE,Overexplained or difficult to scan,REWRITE,Agenda por WhatsApp una consulta de odontología familiar en Carepa. Atención preventiva y restaurativa para distintas edades.,yes,no,
/servicios/*,intro,src/data/servicePages.ts:512,La odontología familiar reúne cuidado preventivo y restaurativo para diferentes etapas de la vida. La valoración ayuda a definir prioridades y hábitos de cuidado oral en casa.,Information / orientation,REWRITE,Overexplained or difficult to scan,REWRITE,"La odontología familiar incluye revisión, prevención y restauraciones para distintas edades. En consulta definimos qué conviene atender primero.",yes,no,
/servicios/*,question,src/data/servicePages.ts:530,¿Puedo consultar por varios integrantes de la familia?,Patient FAQ,KEEP,"Already clear, useful and natural enough",KEEP,¿Puedo consultar por varios integrantes de la familia?,yes,no,
/servicios/*,answer,src/data/servicePages.ts:532,Sí. Puedes escribir por WhatsApp y contar cuántas personas necesitan orientación o valoración.,Patient FAQ,SHORTEN,"Stiff, repetitive or less natural than needed",SHORTEN,Sí. Escribe por WhatsApp cuántas personas necesitan una consulta.,yes,no,
/servicios/*,question,src/data/servicePages.ts:535,¿La atención familiar incluye urgencias?,Patient FAQ,KEEP,"Already clear, useful and natural enough",KEEP,¿La atención familiar incluye urgencias?,yes,no,
/servicios/*,answer,src/data/servicePages.ts:537,"Si hay dolor, inflamación o trauma, se debe revisar disponibilidad como urgencia por WhatsApp.",Patient FAQ,KEEP,"Already clear, useful and natural enough",KEEP,"Si hay dolor, inflamación o trauma, se debe revisar disponibilidad como urgencia por WhatsApp.",yes,no,
/servicios/*,whatsappMessage,src/data/servicePages.ts:541,"Hola, estoy en Carepa y quiero consultar por odontología familiar. ¿Me pueden orientar con disponibilidad para una valoración?",Prefilled WhatsApp message,SHORTEN,Overexplained or difficult to scan,SHORTEN,"Hola, quisiera agendar una consulta de odontología familiar. ¿Tienen disponibilidad?",yes,no,
sitewide/shared,seoTitle,src/data/site.ts:127,Odontología en Carepa | Valoración odontológica y salud oral,Search snippet,SEO-KEEP,Clear search intent and local relevance,KEEP,Odontología en Carepa | Valoración odontológica y salud oral,yes,no,
sitewide/shared,seoDescription,src/data/site.ts:129,"Agenda tu valoración odontológica en Carepa. Atención con cita previa, orientación clara y servicios de salud oral para pacientes locales.",Search snippet,SHORTEN,Overexplained or difficult to scan,SHORTEN,Consulta servicios de odontología en Carepa y agenda una valoración por WhatsApp con la Dra. Nataly Jiménez.,yes,no,
sitewide/shared,name,src/data/site.ts:145,Dra. Nataly Jiménez,Information / orientation,KEEP,"Already clear, useful and natural enough",KEEP,Dra. Nataly Jiménez,yes,no,
sitewide/shared,title,src/data/site.ts:146,"Odontología general, estética y especializada.",Heading / scanning,KEEP,"Already clear, useful and natural enough",KEEP,"Odontología general, estética y especializada.",yes,no,
sitewide/shared,intro,src/data/site.ts:148,"Atención odontológica con enfoque claro, humano y responsable para pacientes de Carepa y la región de Urabá.",Information / orientation,SHORTEN,"Stiff, repetitive or less natural than needed",SHORTEN,Nataly atiende odontología general y estética en Carepa.,yes,no,
sitewide/shared,quote,src/data/site.ts:150,"Antes de iniciar cualquier tratamiento, lo más importante es entender qué necesitas y explicarte las opciones con claridad.",Information / orientation,SHORTEN,Overexplained or difficult to scan,SHORTEN,Primero revisamos qué necesitas. Después hablamos de las opciones.,yes,no,
sitewide/shared,title,src/data/site.ts:160,Escuchar primero,Heading / scanning,KEEP,"Already clear, useful and natural enough",KEEP,Escuchar primero,yes,no,
sitewide/shared,description,src/data/site.ts:162,"Cada atención inicia entendiendo tu motivo de consulta, tus dudas y lo que esperas mejorar.",Information / orientation,REWRITE,"Stiff, repetitive or less natural than needed",REWRITE,"La consulta comienza por lo que sientes, lo que te preocupa o lo que quieres cambiar.",yes,no,
sitewide/shared,title,src/data/site.ts:165,Explicar con claridad,Heading / scanning,KEEP,"Already clear, useful and natural enough",KEEP,Explicar con claridad,yes,no,
sitewide/shared,description,src/data/site.ts:167,"El plan se conversa de forma sencilla, sin presiones y según lo que se observe en la valoración.",Information / orientation,SHORTEN,"Stiff, repetitive or less natural than needed",SHORTEN,Te contamos qué encontramos y qué alternativas corresponden a tu caso.,yes,no,
sitewide/shared,title,src/data/site.ts:170,Cuidar con responsabilidad,Heading / scanning,REWRITE,"Stiff, repetitive or less natural than needed",REWRITE,Definir el siguiente paso,yes,no,
sitewide/shared,description,src/data/site.ts:172,Las recomendaciones dependen de una revisión profesional y de las necesidades reales de cada paciente.,Information / orientation,SHORTEN,"Stiff, repetitive or less natural than needed",SHORTEN,El tratamiento solo se define después de revisar tu salud oral.,yes,no,
sitewide/shared,title,src/data/site.ts:178,Atención clara,Heading / scanning,KEEP,"Already clear, useful and natural enough",KEEP,Atención clara,yes,no,
sitewide/shared,description,src/data/site.ts:179,"Valoraciones sin presiones, con explicaciones fáciles de entender.",Information / orientation,REWRITE,"Stiff, repetitive or less natural than needed",REWRITE,Te explicamos qué encontramos y cuáles son las opciones.,yes,no,
sitewide/shared,title,src/data/site.ts:182,Bioseguridad,Heading / scanning,REWRITE,"Stiff, repetitive or less natural than needed",REWRITE,Cita previa,yes,no,
sitewide/shared,description,src/data/site.ts:183,Protocolos de higiene y cuidado pensados para una atención responsable.,Information / orientation,REWRITE,"Stiff, repetitive or less natural than needed",REWRITE,La disponibilidad y los datos de la cita se confirman por WhatsApp.,yes,no,
sitewide/shared,title,src/data/site.ts:186,Estética y función,Heading / scanning,KEEP,"Already clear, useful and natural enough",KEEP,Estética y función,yes,no,
sitewide/shared,description,src/data/site.ts:187,"Tratamientos orientados a salud oral, armonía dental y comodidad diaria.",Information / orientation,REWRITE,"Stiff, repetitive or less natural than needed",REWRITE,"Opciones que consideran la salud oral, la forma y la función.",yes,no,
sitewide/shared,title,src/data/site.ts:190,Acompañamiento,Heading / scanning,REWRITE,Abstract or agency-like phrasing,REWRITE,Siguiente paso,yes,no,
sitewide/shared,description,src/data/site.ts:191,"Desde la valoración conoces opciones, tiempos y pasos del tratamiento.",Information / orientation,REWRITE,"Stiff, repetitive or less natural than needed",REWRITE,Después de la valoración conoces las opciones y los pasos del tratamiento.,yes,no,
sitewide/shared,title,src/data/site.ts:197,Limpieza dental,Heading / scanning,KEEP,"Already clear, useful and natural enough",KEEP,Limpieza dental,yes,no,
sitewide/shared,badge,src/data/site.ts:198,Preventivo,Information / orientation,KEEP,"Already clear, useful and natural enough",KEEP,Preventivo,yes,no,
sitewide/shared,featuredSummary,src/data/site.ts:200,"Cuidado preventivo para revisar placa, encías y hábitos de higiene.",Information / orientation,KEEP,"Already clear, useful and natural enough",KEEP,"Cuidado preventivo para revisar placa, encías y hábitos de higiene.",yes,no,
sitewide/shared,description,src/data/site.ts:202,Profilaxis y cuidado preventivo para mantener en buen estado tus dientes y encía.,Information / orientation,KEEP,"Already clear, useful and natural enough",KEEP,Profilaxis y cuidado preventivo para mantener en buen estado tus dientes y encía.,yes,no,
sitewide/shared,alt,src/data/site.ts:204,Imagen referencial de limpieza dental en consultorio odontológico,Describe image for accessibility,KEEP,"Already clear, useful and natural enough",KEEP,Imagen referencial de limpieza dental en consultorio odontológico,yes,no,
sitewide/shared,whatsappMessage,src/data/site.ts:206,"Hola, estoy en Carepa y quiero consultar por una limpieza dental. ¿Me pueden orientar con disponibilidad para una valoración?",Prefilled WhatsApp message,SHORTEN,Overexplained or difficult to scan,SHORTEN,"Hola, quisiera información sobre limpieza dental. ¿Tienen disponibilidad para una valoración?",yes,no,
sitewide/shared,title,src/data/site.ts:210,Blanqueamiento dental,Heading / scanning,KEEP,"Already clear, useful and natural enough",KEEP,Blanqueamiento dental,yes,no,
sitewide/shared,badge,src/data/site.ts:211,Estético,Information / orientation,KEEP,"Already clear, useful and natural enough",KEEP,Estético,yes,no,
sitewide/shared,featuredSummary,src/data/site.ts:213,Orientación estética para aclarar el tono dental de forma responsable.,Information / orientation,REWRITE,"Stiff, repetitive or less natural than needed",REWRITE,"Opciones para aclarar el tono de los dientes, según tu salud oral.",yes,no,
sitewide/shared,description,src/data/site.ts:215,Opciones de aclaramiento dental evaluadas según tu caso y sensibilidad.,Information / orientation,KEEP,"Already clear, useful and natural enough",KEEP,Opciones de aclaramiento dental evaluadas según tu caso y sensibilidad.,yes,no,
sitewide/shared,alt,src/data/site.ts:217,Imagen referencial de blanqueamiento dental,Describe image for accessibility,KEEP,"Already clear, useful and natural enough",KEEP,Imagen referencial de blanqueamiento dental,yes,no,
sitewide/shared,whatsappMessage,src/data/site.ts:219,"Hola, estoy en Carepa y quiero consultar por blanqueamiento dental. ¿Me pueden orientar con disponibilidad para una valoración?",Prefilled WhatsApp message,SHORTEN,Overexplained or difficult to scan,SHORTEN,"Hola, quisiera información sobre blanqueamiento dental. ¿Tienen disponibilidad para una valoración?",yes,no,
sitewide/shared,title,src/data/site.ts:223,Resinas estéticas,Heading / scanning,KEEP,"Already clear, useful and natural enough",KEEP,Resinas estéticas,yes,no,
sitewide/shared,badge,src/data/site.ts:224,Restaurativo,Information / orientation,KEEP,"Already clear, useful and natural enough",KEEP,Restaurativo,yes,no,
sitewide/shared,featuredSummary,src/data/site.ts:226,Restauraciones del color del diente para mejorar forma y función.,Information / orientation,KEEP,"Already clear, useful and natural enough",KEEP,Restauraciones del color del diente para mejorar forma y función.,yes,no,
sitewide/shared,description,src/data/site.ts:228,"Restauraciones del color del diente para mejorar forma, función y apariencia.",Information / orientation,KEEP,"Already clear, useful and natural enough",KEEP,"Restauraciones del color del diente para mejorar forma, función y apariencia.",yes,no,
sitewide/shared,alt,src/data/site.ts:230,Imagen referencial de resinas estéticas dentales,Describe image for accessibility,KEEP,"Already clear, useful and natural enough",KEEP,Imagen referencial de resinas estéticas dentales,yes,no,
sitewide/shared,whatsappMessage,src/data/site.ts:232,"Hola, estoy en Carepa y quiero consultar por resinas estéticas. ¿Me pueden orientar con disponibilidad para una valoración?",Prefilled WhatsApp message,SHORTEN,Overexplained or difficult to scan,SHORTEN,"Hola, quisiera información sobre resinas estéticas. ¿Tienen disponibilidad para una valoración?",yes,no,
sitewide/shared,title,src/data/site.ts:236,Diseño de sonrisa,Heading / scanning,KEEP,"Already clear, useful and natural enough",KEEP,Diseño de sonrisa,yes,no,
sitewide/shared,badge,src/data/site.ts:237,Estético,Information / orientation,KEEP,"Already clear, useful and natural enough",KEEP,Estético,yes,no,
sitewide/shared,featuredSummary,src/data/site.ts:239,Valoración estética para planear cambios armónicos y realistas.,Information / orientation,REWRITE,"Stiff, repetitive or less natural than needed",REWRITE,Revisión de la sonrisa para conocer qué cambios son posibles.,yes,no,
sitewide/shared,description,src/data/site.ts:241,Valoración estética responsable para planear cambios armónicos y realistas.,Information / orientation,REWRITE,"Stiff, repetitive or less natural than needed",REWRITE,Revisión de la salud oral y de los cambios que te gustaría hacer.,yes,no,
sitewide/shared,alt,src/data/site.ts:243,Imagen referencial de diseño de sonrisa,Describe image for accessibility,KEEP,"Already clear, useful and natural enough",KEEP,Imagen referencial de diseño de sonrisa,yes,no,
sitewide/shared,whatsappMessage,src/data/site.ts:245,"Hola, estoy en Carepa y quiero consultar por diseño de sonrisa. ¿Me pueden orientar con disponibilidad para una valoración?",Prefilled WhatsApp message,SHORTEN,Overexplained or difficult to scan,SHORTEN,"Hola, quisiera información sobre diseño de sonrisa. ¿Tienen disponibilidad para una valoración?",yes,no,
sitewide/shared,title,src/data/site.ts:249,Ortodoncia,Heading / scanning,KEEP,"Already clear, useful and natural enough",KEEP,Ortodoncia,yes,no,
sitewide/shared,badge,src/data/site.ts:250,Funcional,Information / orientation,KEEP,"Already clear, useful and natural enough",KEEP,Funcional,yes,no,
sitewide/shared,featuredSummary,src/data/site.ts:252,"Revisión de alineación dental, mordida y alternativas de manejo.",Information / orientation,KEEP,"Already clear, useful and natural enough",KEEP,"Revisión de alineación dental, mordida y alternativas de manejo.",yes,no,
sitewide/shared,description,src/data/site.ts:254,Acompañamiento para alinear dientes y mordida según diagnóstico profesional.,Information / orientation,REWRITE,Abstract or agency-like phrasing,REWRITE,"Opciones para alinear los dientes y corregir la mordida, según el diagnóstico.",yes,no,
sitewide/shared,alt,src/data/site.ts:256,Imagen referencial de ortodoncia,Describe image for accessibility,KEEP,"Already clear, useful and natural enough",KEEP,Imagen referencial de ortodoncia,yes,no,
sitewide/shared,whatsappMessage,src/data/site.ts:258,"Hola, estoy en Carepa y quiero consultar por ortodoncia. ¿Me pueden orientar con disponibilidad para una valoración?",Prefilled WhatsApp message,SHORTEN,Overexplained or difficult to scan,SHORTEN,"Hola, quisiera información sobre ortodoncia. ¿Tienen disponibilidad para una valoración?",yes,no,
sitewide/shared,title,src/data/site.ts:262,Prótesis dentales,Heading / scanning,KEEP,"Already clear, useful and natural enough",KEEP,Prótesis dentales,yes,no,
sitewide/shared,badge,src/data/site.ts:263,Restaurativo,Information / orientation,KEEP,"Already clear, useful and natural enough",KEEP,Restaurativo,yes,no,
sitewide/shared,featuredSummary,src/data/site.ts:265,Alternativas para recuperar piezas dentales y comodidad al masticar.,Information / orientation,KEEP,"Already clear, useful and natural enough",KEEP,Alternativas para recuperar piezas dentales y comodidad al masticar.,yes,no,
sitewide/shared,description,src/data/site.ts:267,"Alternativas para recuperar piezas dentales, función masticatoria y seguridad al sonreír.",Information / orientation,REWRITE,"Stiff, repetitive or less natural than needed",REWRITE,Alternativas para reemplazar piezas dentales y recuperar la función al masticar.,yes,no,
sitewide/shared,alt,src/data/site.ts:269,Imagen referencial de prótesis dentales,Describe image for accessibility,KEEP,"Already clear, useful and natural enough",KEEP,Imagen referencial de prótesis dentales,yes,no,
sitewide/shared,whatsappMessage,src/data/site.ts:271,"Hola, estoy en Carepa y quiero consultar por prótesis dentales. ¿Me pueden orientar con disponibilidad para una valoración?",Prefilled WhatsApp message,SHORTEN,Overexplained or difficult to scan,SHORTEN,"Hola, quisiera información sobre prótesis dentales. ¿Tienen disponibilidad para una valoración?",yes,no,
sitewide/shared,title,src/data/site.ts:275,Endodoncia,Heading / scanning,KEEP,"Already clear, useful and natural enough",KEEP,Endodoncia,yes,no,
sitewide/shared,badge,src/data/site.ts:276,Especializado,Information / orientation,KEEP,"Already clear, useful and natural enough",KEEP,Especializado,yes,no,
sitewide/shared,featuredSummary,src/data/site.ts:278,"Valoración para dolor, sensibilidad o molestias internas del diente.",Information / orientation,REWRITE,"Stiff, repetitive or less natural than needed",REWRITE,"Revisión de dolor, sensibilidad o molestias internas del diente.",yes,no,
sitewide/shared,description,src/data/site.ts:280,Orientación para revisar si una molestia dental requiere manejo especializado.,Information / orientation,REWRITE,"Stiff, repetitive or less natural than needed",REWRITE,Consulta para saber si una molestia necesita tratamiento de conducto.,yes,no,
sitewide/shared,alt,src/data/site.ts:282,Imagen referencial de valoración odontológica especializada,Describe image for accessibility,KEEP,"Already clear, useful and natural enough",KEEP,Imagen referencial de valoración odontológica especializada,yes,no,
sitewide/shared,whatsappMessage,src/data/site.ts:284,"Hola, estoy en Carepa y quiero consultar por endodoncia. ¿Me pueden orientar con disponibilidad para una valoración?",Prefilled WhatsApp message,SHORTEN,Overexplained or difficult to scan,SHORTEN,"Hola, quisiera información sobre endodoncia. ¿Tienen disponibilidad para una valoración?",yes,no,
sitewide/shared,title,src/data/site.ts:288,Implantología,Heading / scanning,KEEP,"Already clear, useful and natural enough",KEEP,Implantología,yes,no,
sitewide/shared,badge,src/data/site.ts:289,Rehabilitación,Information / orientation,KEEP,"Already clear, useful and natural enough",KEEP,Rehabilitación,yes,no,
sitewide/shared,featuredSummary,src/data/site.ts:291,Orientación para revisar alternativas ante piezas dentales ausentes.,Information / orientation,REWRITE,"Stiff, repetitive or less natural than needed",REWRITE,Consulta sobre implantes para reemplazar piezas dentales ausentes.,yes,no,
sitewide/shared,description,src/data/site.ts:293,Valoración para revisar si los implantes dentales son una alternativa según tu caso.,Information / orientation,KEEP,"Already clear, useful and natural enough",KEEP,Valoración para revisar si los implantes dentales son una alternativa según tu caso.,yes,no,
sitewide/shared,alt,src/data/site.ts:295,Imagen referencial de rehabilitación oral e implantología,Describe image for accessibility,KEEP,"Already clear, useful and natural enough",KEEP,Imagen referencial de rehabilitación oral e implantología,yes,no,
sitewide/shared,whatsappMessage,src/data/site.ts:297,"Hola, estoy en Carepa y quiero consultar por implantología. ¿Me pueden orientar con disponibilidad para una valoración?",Prefilled WhatsApp message,SHORTEN,Overexplained or difficult to scan,SHORTEN,"Hola, quisiera información sobre implantes dentales. ¿Tienen disponibilidad para una valoración?",yes,no,
sitewide/shared,title,src/data/site.ts:301,Armonización orofacial,Heading / scanning,KEEP,"Already clear, useful and natural enough",KEEP,Armonización orofacial,yes,no,
sitewide/shared,badge,src/data/site.ts:302,Estético,Information / orientation,KEEP,"Already clear, useful and natural enough",KEEP,Estético,yes,no,
sitewide/shared,featuredSummary,src/data/site.ts:304,Consulta estética responsable con valoración previa y expectativas claras.,Information / orientation,SHORTEN,"Stiff, repetitive or less natural than needed",SHORTEN,Consulta para revisar cambios estéticos en el rostro.,yes,no,
sitewide/shared,description,src/data/site.ts:306,Orientación para procedimientos de armonización orofacial según valoración profesional.,Information / orientation,REWRITE,"Stiff, repetitive or less natural than needed",REWRITE,Procedimientos de armonización orofacial definidos después de la valoración.,yes,no,
sitewide/shared,alt,src/data/site.ts:308,Imagen referencial de atención estética odontológica,Describe image for accessibility,KEEP,"Already clear, useful and natural enough",KEEP,Imagen referencial de atención estética odontológica,yes,no,
sitewide/shared,whatsappMessage,src/data/site.ts:310,"Hola, estoy en Carepa y quiero consultar por armonización orofacial. ¿Me pueden orientar con disponibilidad para una valoración?",Prefilled WhatsApp message,SHORTEN,Overexplained or difficult to scan,SHORTEN,"Hola, quisiera información sobre armonización orofacial. ¿Tienen disponibilidad para una valoración?",yes,no,
sitewide/shared,title,src/data/site.ts:314,Extracción de cordales,Heading / scanning,KEEP,"Already clear, useful and natural enough",KEEP,Extracción de cordales,yes,no,
sitewide/shared,badge,src/data/site.ts:315,Cirugía,Information / orientation,KEEP,"Already clear, useful and natural enough",KEEP,Cirugía,yes,no,
sitewide/shared,featuredSummary,src/data/site.ts:317,"Valoración de terceros molares, molestias, inflamación o indicación quirúrgica.",Information / orientation,REWRITE,"Stiff, repetitive or less natural than needed",REWRITE,"Revisión de cordales cuando hay molestia, inflamación o indicación de extracción.",yes,no,
sitewide/shared,description,src/data/site.ts:319,Orientación para revisar cordales y definir el manejo adecuado según diagnóstico.,Information / orientation,REWRITE,"Stiff, repetitive or less natural than needed",REWRITE,Revisión de los terceros molares para definir si requieren extracción.,yes,no,
sitewide/shared,alt,src/data/site.ts:321,Imagen referencial de valoración para extracción de cordales,Describe image for accessibility,KEEP,"Already clear, useful and natural enough",KEEP,Imagen referencial de valoración para extracción de cordales,yes,no,
sitewide/shared,whatsappMessage,src/data/site.ts:323,"Hola, estoy en Carepa y quiero consultar por extracción de cordales. ¿Me pueden orientar con disponibilidad para una valoración?",Prefilled WhatsApp message,SHORTEN,Overexplained or difficult to scan,SHORTEN,"Hola, quisiera información sobre extracción de cordales. ¿Tienen disponibilidad para una valoración?",yes,no,
sitewide/shared,title,src/data/site.ts:327,Urgencias odontológicas,Heading / scanning,KEEP,"Already clear, useful and natural enough",KEEP,Urgencias odontológicas,yes,no,
sitewide/shared,badge,src/data/site.ts:328,Urgencia,Information / orientation,KEEP,"Already clear, useful and natural enough",KEEP,Urgencia,yes,no,
sitewide/shared,featuredSummary,src/data/site.ts:330,"Orientación para dolor, inflamación, fracturas o restauraciones caídas.",Information / orientation,REWRITE,"Stiff, repetitive or less natural than needed",REWRITE,"Atención de dolor, inflamación, fracturas o restauraciones caídas.",yes,no,
sitewide/shared,description,src/data/site.ts:332,"Orientación para dolor, inflamación, fracturas o restauraciones caídas.",Information / orientation,REWRITE,"Stiff, repetitive or less natural than needed",REWRITE,"Consulta por dolor, inflamación, fracturas o restauraciones caídas.",yes,no,
sitewide/shared,alt,src/data/site.ts:334,Imagen referencial de urgencias odontológicas,Describe image for accessibility,KEEP,"Already clear, useful and natural enough",KEEP,Imagen referencial de urgencias odontológicas,yes,no,
sitewide/shared,whatsappMessage,src/data/site.ts:336,"Hola, estoy en Carepa y tengo una urgencia odontológica. ¿Me pueden orientar con disponibilidad de atención?",Prefilled WhatsApp message,SHORTEN,"Stiff, repetitive or less natural than needed",SHORTEN,"Hola, tengo una urgencia odontológica. ¿Tienen disponibilidad para atenderme?",yes,no,
sitewide/shared,title,src/data/site.ts:340,Odontología familiar,Heading / scanning,KEEP,"Already clear, useful and natural enough",KEEP,Odontología familiar,yes,no,
sitewide/shared,badge,src/data/site.ts:341,Familiar,Information / orientation,KEEP,"Already clear, useful and natural enough",KEEP,Familiar,yes,no,
sitewide/shared,featuredSummary,src/data/site.ts:343,Atención preventiva y restaurativa para diferentes etapas de la familia.,Information / orientation,KEEP,"Already clear, useful and natural enough",KEEP,Atención preventiva y restaurativa para diferentes etapas de la familia.,yes,no,
sitewide/shared,description,src/data/site.ts:345,Atención preventiva y restaurativa para diferentes etapas de la familia.,Information / orientation,KEEP,"Already clear, useful and natural enough",KEEP,Atención preventiva y restaurativa para diferentes etapas de la familia.,yes,no,
sitewide/shared,alt,src/data/site.ts:347,Imagen referencial de odontología familiar,Describe image for accessibility,KEEP,"Already clear, useful and natural enough",KEEP,Imagen referencial de odontología familiar,yes,no,
sitewide/shared,whatsappMessage,src/data/site.ts:349,"Hola, estoy en Carepa y quiero consultar por odontología familiar. ¿Me pueden orientar con disponibilidad para una cita?",Prefilled WhatsApp message,SHORTEN,Overexplained or difficult to scan,SHORTEN,"Hola, quisiera agendar una consulta de odontología familiar. ¿Tienen disponibilidad?",yes,no,
sitewide/shared,title,src/data/site.ts:354,Escribes por WhatsApp,Heading / scanning,KEEP,"Already clear, useful and natural enough",KEEP,Escribes por WhatsApp,yes,no,
sitewide/shared,description,src/data/site.ts:356,"Cuéntanos qué sientes, qué te preocupa o qué cambio te gustaría revisar.",Information / orientation,KEEP,"Already clear, useful and natural enough",KEEP,"Cuéntanos qué sientes, qué te preocupa o qué cambio te gustaría revisar.",yes,no,
sitewide/shared,reassurance,src/data/site.ts:357,No necesitas saber el nombre del tratamiento.,Information / orientation,REWRITE,"Stiff, repetitive or less natural than needed",REWRITE,No tienes que saber el nombre del tratamiento.,yes,no,
sitewide/shared,title,src/data/site.ts:360,Agendamos tu valoración,Heading / scanning,KEEP,"Already clear, useful and natural enough",KEEP,Agendamos tu valoración,yes,no,
sitewide/shared,description,src/data/site.ts:362,Revisamos disponibilidad y te indicamos la información necesaria para asistir.,Information / orientation,SHORTEN,"Stiff, repetitive or less natural than needed",SHORTEN,Revisamos disponibilidad y te enviamos los datos de la cita.,yes,no,
sitewide/shared,reassurance,src/data/site.ts:363,Puedes escribir primero y decidir con calma.,Information / orientation,SHORTEN,"Stiff, repetitive or less natural than needed",SHORTEN,Puedes preguntar antes de agendar.,yes,no,
sitewide/shared,title,src/data/site.ts:366,Recibes diagnóstico y plan,Heading / scanning,KEEP,"Already clear, useful and natural enough",KEEP,Recibes diagnóstico y plan,yes,no,
sitewide/shared,description,src/data/site.ts:368,"Después de la revisión conoces hallazgos, opciones y siguientes pasos.",Information / orientation,KEEP,"Already clear, useful and natural enough",KEEP,"Después de la revisión conoces hallazgos, opciones y siguientes pasos.",yes,no,
sitewide/shared,reassurance,src/data/site.ts:369,La valoración define el camino adecuado.,Information / orientation,REWRITE,"Stiff, repetitive or less natural than needed",REWRITE,La revisión define el siguiente paso.,yes,no,
sitewide/shared,label,src/data/site.ts:382,Tengo dolor dental,Action / choice,KEEP,"Already clear, useful and natural enough",KEEP,Tengo dolor dental,yes,no,
sitewide/shared,summary,src/data/site.ts:383,"Te conviene escribir describiendo intensidad, zona y desde cuándo inició.",Information / orientation,KEEP,"Already clear, useful and natural enough",KEEP,"Te conviene escribir describiendo intensidad, zona y desde cuándo inició.",yes,no,
sitewide/shared,guidance,src/data/site.ts:385,No reemplaza una valoración. Con esa información pueden orientarte sobre disponibilidad y el siguiente paso responsable.,Information / orientation,SHORTEN,Overexplained or difficult to scan,SHORTEN,Con esa información podemos entender mejor el caso antes de confirmar la cita.,yes,no,
sitewide/shared,whatsappMessage,src/data/site.ts:387,"Hola, estoy en Carepa y quiero agendar una valoración. Mi motivo de consulta es: tengo dolor dental. ¿Me pueden orientar con disponibilidad?",Prefilled WhatsApp message,SHORTEN,Overexplained or difficult to scan,SHORTEN,"Hola, tengo dolor dental. ¿Tienen disponibilidad para valorarme?",yes,no,
sitewide/shared,label,src/data/site.ts:391,Quiero mejorar mi sonrisa,Action / choice,KEEP,"Already clear, useful and natural enough",KEEP,Quiero mejorar mi sonrisa,yes,no,
sitewide/shared,summary,src/data/site.ts:392,Puedes iniciar con una valoración estética para revisar opciones realistas.,Information / orientation,KEEP,"Already clear, useful and natural enough",KEEP,Puedes iniciar con una valoración estética para revisar opciones realistas.,yes,no,
sitewide/shared,guidance,src/data/site.ts:394,"La recomendación depende de tu salud oral, expectativas, color, forma dental y diagnóstico profesional.",Information / orientation,SHORTEN,"Stiff, repetitive or less natural than needed",SHORTEN,La recomendación depende de tu salud oral y de lo que quieras cambiar.,yes,no,
sitewide/shared,whatsappMessage,src/data/site.ts:396,"Hola, estoy en Carepa y quiero agendar una valoración. Mi motivo de consulta es: quiero mejorar mi sonrisa. ¿Me pueden orientar con disponibilidad?",Prefilled WhatsApp message,SHORTEN,Overexplained or difficult to scan,SHORTEN,"Hola, quiero mejorar mi sonrisa. ¿Tienen disponibilidad para una valoración?",yes,no,
sitewide/shared,label,src/data/site.ts:400,Necesito una limpieza,Action / choice,KEEP,"Already clear, useful and natural enough",KEEP,Necesito una limpieza,yes,no,
sitewide/shared,summary,src/data/site.ts:401,"Es una consulta frecuente para prevención, control de placa y cuidado de encías.",Information / orientation,KEEP,"Already clear, useful and natural enough",KEEP,"Es una consulta frecuente para prevención, control de placa y cuidado de encías.",yes,no,
sitewide/shared,guidance,src/data/site.ts:403,La profesional definirá si basta con profilaxis o si necesitas otro manejo según la valoración.,Information / orientation,REWRITE,"Stiff, repetitive or less natural than needed",REWRITE,En la consulta se confirma si necesitas profilaxis u otro manejo para las encías.,yes,no,
sitewide/shared,whatsappMessage,src/data/site.ts:405,"Hola, estoy en Carepa y quiero agendar una valoración. Mi motivo de consulta es: necesito una limpieza dental. ¿Me pueden orientar con disponibilidad?",Prefilled WhatsApp message,SHORTEN,Overexplained or difficult to scan,SHORTEN,"Hola, quisiera agendar una limpieza dental. ¿Tienen disponibilidad?",yes,no,
sitewide/shared,label,src/data/site.ts:409,Me interesa ortodoncia,Action / choice,KEEP,"Already clear, useful and natural enough",KEEP,Me interesa ortodoncia,yes,no,
sitewide/shared,summary,src/data/site.ts:410,"Puedes pedir una valoración para revisar alineación, mordida y alternativas.",Information / orientation,KEEP,"Already clear, useful and natural enough",KEEP,"Puedes pedir una valoración para revisar alineación, mordida y alternativas.",yes,no,
sitewide/shared,guidance,src/data/site.ts:412,"No todos los casos requieren el mismo plan. La valoración ayuda a definir opciones, tiempos y pasos.",Information / orientation,SHORTEN,"Stiff, repetitive or less natural than needed",SHORTEN,No todos los casos usan el mismo plan. La revisión permite conocer las opciones.,yes,no,
sitewide/shared,whatsappMessage,src/data/site.ts:414,"Hola, estoy en Carepa y quiero agendar una valoración. Mi motivo de consulta es: me interesa ortodoncia. ¿Me pueden orientar con disponibilidad?",Prefilled WhatsApp message,SHORTEN,Overexplained or difficult to scan,SHORTEN,"Hola, quisiera información sobre ortodoncia. ¿Tienen disponibilidad para una valoración?",yes,no,
sitewide/shared,label,src/data/site.ts:418,Tengo una urgencia,Action / choice,KEEP,"Already clear, useful and natural enough",KEEP,Tengo una urgencia,yes,no,
sitewide/shared,summary,src/data/site.ts:419,"Si hay dolor fuerte, inflamación, trauma o restauración caída, escribe cuanto antes.",Information / orientation,KEEP,"Already clear, useful and natural enough",KEEP,"Si hay dolor fuerte, inflamación, trauma o restauración caída, escribe cuanto antes.",yes,no,
sitewide/shared,guidance,src/data/site.ts:421,El equipo revisará disponibilidad. No se promete atención inmediata si no está confirmada.,Information / orientation,SHORTEN,"Stiff, repetitive or less natural than needed",SHORTEN,Escribe qué pasó. Confirmaremos si hay disponibilidad para atenderte.,yes,no,
sitewide/shared,whatsappMessage,src/data/site.ts:423,"Hola, estoy en Carepa y tengo una urgencia odontológica. ¿Me pueden orientar con disponibilidad de atención?",Prefilled WhatsApp message,SHORTEN,"Stiff, repetitive or less natural than needed",SHORTEN,"Hola, tengo una urgencia odontológica. ¿Tienen disponibilidad para atenderme?",yes,no,
sitewide/shared,label,src/data/site.ts:427,Quiero consultar precios,Action / choice,KEEP,"Already clear, useful and natural enough",KEEP,Quiero consultar precios,yes,no,
sitewide/shared,summary,src/data/site.ts:428,"Puedes preguntar primero, pero el valor final depende del diagnóstico.",Information / orientation,KEEP,"Already clear, useful and natural enough",KEEP,"Puedes preguntar primero, pero el valor final depende del diagnóstico.",yes,no,
sitewide/shared,guidance,src/data/site.ts:430,"Para evitar información incompleta, lo ideal es revisar tu caso y explicar opciones antes de decidir.",Information / orientation,SHORTEN,"Stiff, repetitive or less natural than needed",SHORTEN,Algunos valores solo pueden definirse después de revisar el caso.,yes,no,
sitewide/shared,whatsappMessage,src/data/site.ts:432,"Hola, estoy en Carepa y quiero consultar precios de atención odontológica. ¿Me pueden orientar y contarme si debo agendar valoración?",Prefilled WhatsApp message,SHORTEN,Overexplained or difficult to scan,SHORTEN,"Hola, quisiera consultar precios. ¿Necesito agendar una valoración?",yes,no,
sitewide/shared,label,src/data/site.ts:436,No sé qué tratamiento necesito,Action / choice,KEEP,"Already clear, useful and natural enough",KEEP,No sé qué tratamiento necesito,yes,no,
sitewide/shared,summary,src/data/site.ts:437,Es normal no tener claro el nombre del tratamiento antes de una revisión.,Information / orientation,KEEP,"Already clear, useful and natural enough",KEEP,Es normal no tener claro el nombre del tratamiento antes de una revisión.,yes,no,
sitewide/shared,guidance,src/data/site.ts:439,Puedes escribir contando lo que notas o lo que te incomoda. La valoración ayuda a definir el camino adecuado.,Information / orientation,SHORTEN,"Stiff, repetitive or less natural than needed",SHORTEN,Escribe qué notas o qué te incomoda. La consulta ayudará a definir el siguiente paso.,yes,no,
sitewide/shared,whatsappMessage,src/data/site.ts:441,"Hola, estoy en Carepa y quiero agendar una valoración. No sé qué tratamiento necesito, pero quiero recibir orientación. ¿Me pueden ayudar con disponibilidad?",Prefilled WhatsApp message,SHORTEN,Overexplained or difficult to scan,SHORTEN,"Hola, no sé qué tratamiento necesito. ¿Tienen disponibilidad para una valoración?",yes,no,
sitewide/shared,title,src/data/site.ts:446,Cercanía,Heading / scanning,REWRITE,"Stiff, repetitive or less natural than needed",REWRITE,Agenda por WhatsApp,yes,no,
sitewide/shared,description,src/data/site.ts:447,"Agenda directa por WhatsApp, sin formularios largos ni procesos confusos.",Information / orientation,SHORTEN,"Stiff, repetitive or less natural than needed",SHORTEN,Pregunta por disponibilidad sin llenar formularios.,yes,no,
sitewide/shared,title,src/data/site.ts:450,Claridad,Heading / scanning,KEEP,"Already clear, useful and natural enough",KEEP,Claridad,yes,no,
sitewide/shared,description,src/data/site.ts:451,"Explicación del diagnóstico, opciones y próximos pasos antes de iniciar.",Information / orientation,REWRITE,"Stiff, repetitive or less natural than needed",REWRITE,Te contamos qué encontramos y qué opciones hay antes de iniciar.,yes,no,
sitewide/shared,title,src/data/site.ts:454,Responsabilidad,Heading / scanning,REWRITE,"Stiff, repetitive or less natural than needed",REWRITE,Valoración previa,yes,no,
sitewide/shared,description,src/data/site.ts:455,Cada plan depende de una valoración profesional y de tus necesidades reales.,Information / orientation,SHORTEN,"Stiff, repetitive or less natural than needed",SHORTEN,El tratamiento se define después de revisar el caso.,yes,no,
sitewide/shared,title,src/data/site.ts:460,No sé cuánto cuesta,Heading / scanning,KEEP,"Already clear, useful and natural enough",KEEP,No sé cuánto cuesta,yes,no,
sitewide/shared,answer,src/data/site.ts:462,"Puedes preguntar primero. El valor final depende de la valoración, el diagnóstico y el plan que realmente necesites.",Patient FAQ,KEEP,"Already clear, useful and natural enough",KEEP,"Puedes preguntar primero. El valor final depende de la valoración, el diagnóstico y el plan que realmente necesites.",yes,no,
sitewide/shared,title,src/data/site.ts:465,No sé si necesito valoración,Heading / scanning,KEEP,"Already clear, useful and natural enough",KEEP,No sé si necesito valoración,yes,no,
sitewide/shared,answer,src/data/site.ts:467,"Si tienes dolor, dudas estéticas o molestias repetidas, la valoración ayuda a decidir con información clara.",Patient FAQ,SHORTEN,"Stiff, repetitive or less natural than needed",SHORTEN,"Si tienes dolor, una duda estética o una molestia repetida, conviene revisar el caso.",yes,no,
sitewide/shared,title,src/data/site.ts:470,Me da nervios ir al odontólogo,Heading / scanning,KEEP,"Already clear, useful and natural enough",KEEP,Me da nervios ir al odontólogo,yes,no,
sitewide/shared,answer,src/data/site.ts:472,"Puedes contarlo desde el primer mensaje. La atención busca ser clara, tranquila y sin presión.",Patient FAQ,REWRITE,"Stiff, repetitive or less natural than needed",REWRITE,Puedes decirlo desde el primer mensaje para tenerlo en cuenta durante la cita.,yes,no,
sitewide/shared,title,src/data/site.ts:475,Solo quiero preguntar primero,Heading / scanning,KEEP,"Already clear, useful and natural enough",KEEP,Solo quiero preguntar primero,yes,no,
sitewide/shared,answer,src/data/site.ts:477,Está bien. Escribe tu duda por WhatsApp y agenda después cuando tengas más claridad.,Patient FAQ,SHORTEN,"Stiff, repetitive or less natural than needed",SHORTEN,Escribe tu duda por WhatsApp y decide después si quieres agendar.,yes,no,
sitewide/shared,title,src/data/site.ts:482,Escucha inicial,Heading / scanning,REWRITE,"Stiff, repetitive or less natural than needed",REWRITE,Motivo de consulta,yes,no,
sitewide/shared,description,src/data/site.ts:483,"El primer contacto busca entender qué te pasa, qué te preocupa y qué esperas resolver.",Information / orientation,SHORTEN,"Stiff, repetitive or less natural than needed",SHORTEN,"Cuéntanos qué te pasa, qué te preocupa o qué quieres cambiar.",yes,no,
sitewide/shared,title,src/data/site.ts:486,Valoración,Heading / scanning,KEEP,"Already clear, useful and natural enough",KEEP,Valoración,yes,no,
sitewide/shared,description,src/data/site.ts:487,La revisión clínica permite identificar necesidades reales antes de recomendar un plan.,Information / orientation,REWRITE,"Stiff, repetitive or less natural than needed",REWRITE,La revisión clínica permite saber qué necesitas antes de recomendar un plan.,yes,no,
sitewide/shared,title,src/data/site.ts:490,Explicación clara,Heading / scanning,KEEP,"Already clear, useful and natural enough",KEEP,Explicación clara,yes,no,
sitewide/shared,description,src/data/site.ts:491,"Conoces hallazgos, alternativas y próximos pasos con lenguaje sencillo.",Information / orientation,REWRITE,"Stiff, repetitive or less natural than needed",REWRITE,"Te contamos qué encontramos, las alternativas y el siguiente paso.",yes,no,
sitewide/shared,title,src/data/site.ts:494,Plan responsable,Heading / scanning,REWRITE,"Stiff, repetitive or less natural than needed",REWRITE,Plan de tratamiento,yes,no,
sitewide/shared,description,src/data/site.ts:495,"Cada decisión se toma según diagnóstico profesional, prioridades y disponibilidad.",Information / orientation,SHORTEN,"Stiff, repetitive or less natural than needed",SHORTEN,Se define según el diagnóstico y lo que conviene atender primero.,yes,no,
sitewide/shared,title,src/data/site.ts:500,Decidir con tranquilidad,Heading / scanning,REWRITE,"Stiff, repetitive or less natural than needed",REWRITE,Entender antes de decidir,yes,no,
sitewide/shared,description,src/data/site.ts:502,Buscamos que el paciente entienda sus opciones antes de iniciar cualquier tratamiento.,Information / orientation,KEEP,"Already clear, useful and natural enough",KEEP,Buscamos que el paciente entienda sus opciones antes de iniciar cualquier tratamiento.,yes,no,
sitewide/shared,title,src/data/site.ts:505,Cuidado sin presión,Heading / scanning,REWRITE,"Stiff, repetitive or less natural than needed",REWRITE,Preguntar antes de agendar,yes,no,
sitewide/shared,description,src/data/site.ts:507,La conversación por WhatsApp y la valoración están pensadas para resolver dudas con calma.,Information / orientation,SHORTEN,"Stiff, repetitive or less natural than needed",SHORTEN,Puedes escribir por WhatsApp si quieres resolver una duda primero.,yes,no,
sitewide/shared,title,src/data/site.ts:510,Expectativas realistas,Heading / scanning,REWRITE,"Stiff, repetitive or less natural than needed",REWRITE,Resultados sin promesas,yes,no,
sitewide/shared,description,src/data/site.ts:512,"Los tratamientos se explican de forma responsable, con expectativas claras y prudentes.",Information / orientation,SHORTEN,"Stiff, repetitive or less natural than needed",SHORTEN,La respuesta al tratamiento cambia según cada caso.,yes,no,
sitewide/shared,question,src/data/site.ts:518,¿Dónde está ubicada la atención?,Patient FAQ,KEEP,"Already clear, useful and natural enough",KEEP,¿Dónde está ubicada la atención?,yes,no,
sitewide/shared,answer,src/data/site.ts:520,"La atención es en Carepa, Antioquia. La dirección exacta se confirma al agendar por WhatsApp.",Patient FAQ,NEEDS-CLIENT-FACT,Prudent placeholder depends on a confirmed client fact,KEEP UNTIL CONFIRMED,"La atención es en Carepa, Antioquia. La dirección exacta se confirma al agendar por WhatsApp.",yes,yes,
sitewide/shared,question,src/data/site.ts:523,¿Puedo agendar por WhatsApp?,Patient FAQ,KEEP,"Already clear, useful and natural enough",KEEP,¿Puedo agendar por WhatsApp?,yes,no,
sitewide/shared,answer,src/data/site.ts:525,"Sí. Puedes escribir por WhatsApp para revisar disponibilidad, motivo de consulta y datos básicos de la cita.",Patient FAQ,KEEP,"Already clear, useful and natural enough",KEEP,"Sí. Puedes escribir por WhatsApp para revisar disponibilidad, motivo de consulta y datos básicos de la cita.",yes,no,
sitewide/shared,question,src/data/site.ts:528,¿Atienden urgencias?,Patient FAQ,KEEP,"Already clear, useful and natural enough",KEEP,¿Atienden urgencias?,yes,no,
sitewide/shared,answer,src/data/site.ts:530,"Puedes escribir por WhatsApp si tienes dolor, inflamación, fractura o una restauración caída. El equipo revisará disponibilidad de atención.",Patient FAQ,KEEP,"Already clear, useful and natural enough",KEEP,"Puedes escribir por WhatsApp si tienes dolor, inflamación, fractura o una restauración caída. El equipo revisará disponibilidad de atención.",yes,no,
sitewide/shared,question,src/data/site.ts:533,¿La valoración tiene costo?,Patient FAQ,KEEP,"Already clear, useful and natural enough",KEEP,¿La valoración tiene costo?,yes,no,
sitewide/shared,answer,src/data/site.ts:535,Puedes consultar el valor de la valoración directamente por WhatsApp antes de agendar.,Patient FAQ,KEEP,"Already clear, useful and natural enough",KEEP,Puedes consultar el valor de la valoración directamente por WhatsApp antes de agendar.,yes,no,
sitewide/shared,question,src/data/site.ts:538,¿Qué tratamientos ofrecen?,Patient FAQ,KEEP,"Already clear, useful and natural enough",KEEP,¿Qué tratamientos ofrecen?,yes,no,
sitewide/shared,answer,src/data/site.ts:540,"La página presenta servicios como limpieza dental, blanqueamiento, resinas, diseño de sonrisa, ortodoncia, prótesis, urgencias y odontología familiar.",Patient FAQ,KEEP,"Already clear, useful and natural enough",KEEP,"La página presenta servicios como limpieza dental, blanqueamiento, resinas, diseño de sonrisa, ortodoncia, prótesis, urgencias y odontología familiar.",yes,no,
sitewide/shared,question,src/data/site.ts:543,¿Puedo consultar antes de agendar?,Patient FAQ,KEEP,"Already clear, useful and natural enough",KEEP,¿Puedo consultar antes de agendar?,yes,no,
sitewide/shared,answer,src/data/site.ts:545,Sí. Puedes enviar tu duda por WhatsApp para recibir orientación inicial y saber si conviene programar una valoración.,Patient FAQ,SHORTEN,Overexplained or difficult to scan,SHORTEN,Sí. Envía tu duda por WhatsApp y te diremos si conviene programar una valoración.,yes,no,
sitewide/shared,name,src/data/team.ts:24,Dra. Nataly Jiménez,Information / orientation,KEEP,"Already clear, useful and natural enough",KEEP,Dra. Nataly Jiménez,no,no,
sitewide/shared,description,src/data/team.ts:27,"Acompaña valoraciones odontológicas con enfoque claro, humano y responsable para pacientes de Carepa y la región de Urabá.",Information / orientation,SHORTEN,Abstract or agency-like phrasing,SHORTEN,Realiza la valoración inicial y atiende casos de odontología general y estética.,no,no,
sitewide/shared,name,src/data/team.ts:35,Dra. Clara Parra,Information / orientation,KEEP,"Already clear, useful and natural enough",KEEP,Dra. Clara Parra,no,no,
sitewide/shared,description,src/data/team.ts:38,"Apoya la valoración y orientación de casos relacionados con alineación dental, mordida y desarrollo maxilar.",Information / orientation,SHORTEN,"Stiff, repetitive or less natural than needed",SHORTEN,"Valora casos de alineación dental, mordida y desarrollo maxilar.",no,no,
sitewide/shared,name,src/data/team.ts:45,Dr. Adalberto Atencia,Information / orientation,KEEP,"Already clear, useful and natural enough",KEEP,Dr. Adalberto Atencia,no,no,
sitewide/shared,description,src/data/team.ts:48,Profesional de apoyo para casos que requieren orientación especializada en cirugía maxilofacial e implantología.,Information / orientation,SHORTEN,Overexplained or difficult to scan,SHORTEN,Atiende los casos que requieren cirugía maxilofacial o valoración para implantes.,no,no,
sitewide/shared,name,src/data/team.ts:55,Vanesa López,Information / orientation,KEEP,"Already clear, useful and natural enough",KEEP,Vanesa López,no,no,
sitewide/shared,description,src/data/team.ts:58,"Acompaña la atención al paciente, la orientación inicial y el proceso de agendamiento por WhatsApp.",Information / orientation,SHORTEN,Abstract or agency-like phrasing,SHORTEN,Apoya la atención en el consultorio y coordina citas por WhatsApp.,no,no,
sitewide/shared,alt,src/data/team.ts:78,"Dra. Nataly Jiménez y Vanesa López, auxiliar e higienista oral",Describe image for accessibility,KEEP,"Already clear, useful and natural enough",KEEP,"Dra. Nataly Jiménez y Vanesa López, auxiliar e higienista oral",no,no,
sitewide/shared,a,src/pages/_document.tsx:9,Saltar al contenido principal,Action / choice,KEEP,"Already clear, useful and natural enough",KEEP,Saltar al contenido principal,no,no,
/consultorio,p,src/pages/consultorio.tsx:51,Consultorio,Information / orientation,KEEP,"Already clear, useful and natural enough",KEEP,Consultorio,no,no,
/consultorio,a,src/pages/consultorio.tsx:56,Agendar valoración,Action / choice,KEEP,"Already clear, useful and natural enough",KEEP,Agendar valoración,no,no,
/consultorio,p,src/pages/consultorio.tsx:75,Quién te atiende,Information / orientation,KEEP,"Already clear, useful and natural enough",KEEP,Quién te atiende,no,no,
/consultorio,p,src/pages/consultorio.tsx:86,El espacio,Information / orientation,REWRITE,"Stiff, repetitive or less natural than needed",REWRITE,En Carepa,no,no,
/consultorio,h2,src/pages/consultorio.tsx:87,"Un consultorio real, preparado para atenderte.",Heading / scanning,SHORTEN,"Stiff, repetitive or less natural than needed",SHORTEN,El consultorio,no,no,
/consultorio,p,src/pages/consultorio.tsx:89,La unidad odontológica y el espacio de atención forman parte del consultorio en Carepa. La disponibilidad y las indicaciones para llegar se confirman al agendar.,Information / orientation,SHORTEN,Overexplained or difficult to scan,SHORTEN,La atención es en Carepa. La dirección exacta y las indicaciones para llegar se confirman al agendar.,no,no,
/consultorio,alt,src/pages/consultorio.tsx:97,Unidad odontológica del consultorio de la Dra. Nataly Jiménez en Carepa,Describe image for accessibility,KEEP,"Already clear, useful and natural enough",KEEP,Unidad odontológica del consultorio de la Dra. Nataly Jiménez en Carepa,no,no,
/consultorio,figcaption,src/pages/consultorio.tsx:102,Fotografía real del consultorio.,Information / orientation,REWRITE,"Stiff, repetitive or less natural than needed",REWRITE,Consultorio de la Dra. Nataly Jiménez en Carepa.,no,no,
/consultorio,aria-label,src/pages/consultorio.tsx:118,Enfoque del consultorio,Information / orientation,KEEP,"Already clear, useful and natural enough",KEEP,Enfoque del consultorio,no,no,
/consultorio,span,src/pages/consultorio.tsx:119,"Carepa, Antioquia",Information / orientation,KEEP,"Already clear, useful and natural enough",KEEP,"Carepa, Antioquia",no,no,
/consultorio,strong,src/pages/consultorio.tsx:120,"Salud oral, estética dental y bienestar con atención personalizada.",Information / orientation,REWRITE,"Stiff, repetitive or less natural than needed",REWRITE,"Odontología general, estética y servicios especializados.",no,no,
/equipo,p,src/pages/equipo.tsx:51,Equipo,Information / orientation,KEEP,"Already clear, useful and natural enough",KEEP,Equipo,no,no,
/equipo,h1,src/pages/equipo.tsx:52,Un equipo para orientar tu atención odontológica con claridad.,Heading / scanning,SHORTEN,"Stiff, repetitive or less natural than needed",SHORTEN,Conoce al equipo,no,no,
/equipo,p,src/pages/equipo.tsx:54,"Conoce a las personas que acompañan la valoración, el tratamiento y el cuidado oral de pacientes de Carepa y la región de Urabá.",Information / orientation,REWRITE,Abstract or agency-like phrasing,REWRITE,"Nataly atiende odontología general y estética. El consultorio cuenta con apoyo en ortodoncia, cirugía maxilofacial e implantología.",no,no,
/equipo,a,src/pages/equipo.tsx:59,Agendar por WhatsApp,Action / choice,KEEP,"Already clear, useful and natural enough",KEEP,Agendar por WhatsApp,no,no,
/equipo,p,src/pages/equipo.tsx:85,Atención cercana,Information / orientation,REWRITE,Abstract or agency-like phrasing,REWRITE,Nataly y Vanesa,no,no,
/equipo,h2,src/pages/equipo.tsx:86,Personas detrás de cada valoración,Heading / scanning,SHORTEN,"Stiff, repetitive or less natural than needed",SHORTEN,Quiénes te atienden,no,no,
/equipo,p,src/pages/equipo.tsx:88,"La atención combina odontología general, estética y apoyo especializado. Cada caso se revisa en valoración antes de recomendar un tratamiento.",Information / orientation,SHORTEN,Overexplained or difficult to scan,SHORTEN,Cada profesional participa según el motivo de consulta.,no,no,
/,p,src/pages/index.tsx:38,Llegaste por:,Information / orientation,REWRITE,"Stiff, repetitive or less natural than needed",REWRITE,Información sobre,no,no,
/servicios/*,p,src/pages/servicios/[slug].tsx:74,en Carepa,Information / orientation,KEEP,"Already clear, useful and natural enough",KEEP,en Carepa,no,no,
/servicios/*,a,src/pages/servicios/[slug].tsx:79,Consultar por WhatsApp,Action / choice,KEEP,"Already clear, useful and natural enough",KEEP,Consultar por WhatsApp,no,no,
/servicios/*,span,src/pages/servicios/[slug].tsx:88,Antes de iniciar,Information / orientation,KEEP,"Already clear, useful and natural enough",KEEP,Antes de iniciar,no,no,
/servicios/*,strong,src/pages/servicios/[slug].tsx:89,La valoración define si este tratamiento corresponde a tu caso.,Information / orientation,REWRITE,"Stiff, repetitive or less natural than needed",REWRITE,Primero hay que revisar si este tratamiento corresponde a tu caso.,no,no,
/servicios/*,p,src/pages/servicios/[slug].tsx:90,Sin diagnósticos por chat ni promesas de resultado.,Information / orientation,KEEP,"Already clear, useful and natural enough",KEEP,Sin diagnósticos por chat ni promesas de resultado.,no,no,
/servicios/*,h2,src/pages/servicios/[slug].tsx:98,Qué puede aportar,Heading / scanning,KEEP,"Already clear, useful and natural enough",KEEP,Qué puede aportar,no,no,
/servicios/*,h2,src/pages/servicios/[slug].tsx:107,Cuándo consultar,Heading / scanning,KEEP,"Already clear, useful and natural enough",KEEP,Cuándo consultar,no,no,
/servicios/*,p,src/pages/servicios/[slug].tsx:120,Proceso,Information / orientation,KEEP,"Already clear, useful and natural enough",KEEP,Proceso,no,no,
/servicios/*,h2,src/pages/servicios/[slug].tsx:121,Cómo suele ser el proceso,Heading / scanning,SHORTEN,"Stiff, repetitive or less natural than needed",SHORTEN,Cómo empieza,no,no,
/servicios/*,p,src/pages/servicios/[slug].tsx:123,La ruta exacta depende de tu valoración. Estos pasos ayudan a entender cómo iniciar sin asumir un diagnóstico previo.,Information / orientation,SHORTEN,Overexplained or difficult to scan,SHORTEN,Los pasos pueden cambiar según lo que encontremos en la valoración.,no,no,
/servicios/*,p,src/pages/servicios/[slug].tsx:143,Caso real,Information / orientation,KEEP,"Already clear, useful and natural enough",KEEP,Caso real,no,no,
/servicios/*,figcaption,src/pages/servicios/[slug].tsx:157,Antes,Information / orientation,KEEP,"Already clear, useful and natural enough",KEEP,Antes,no,no,
/servicios/*,figcaption,src/pages/servicios/[slug].tsx:169,Después,Information / orientation,KEEP,"Already clear, useful and natural enough",KEEP,Después,no,no,
/servicios/*,p,src/pages/servicios/[slug].tsx:181,Preguntas frecuentes,Information / orientation,KEEP,"Already clear, useful and natural enough",KEEP,Preguntas frecuentes,no,no,
/servicios/*,h2,src/pages/servicios/[slug].tsx:182,Dudas antes de agendar,Heading / scanning,KEEP,"Already clear, useful and natural enough",KEEP,Dudas antes de agendar,no,no,
/servicios/*,p,src/pages/servicios/[slug].tsx:184,Estas respuestas son orientación general. La conducta clínica se define con una valoración profesional.,Information / orientation,SHORTEN,"Stiff, repetitive or less natural than needed",SHORTEN,Son respuestas generales. La valoración define qué corresponde en cada caso.,no,no,
/servicios/*,p,src/pages/servicios/[slug].tsx:203,Otros servicios,Information / orientation,KEEP,"Already clear, useful and natural enough",KEEP,Otros servicios,no,no,
/servicios/*,h2,src/pages/servicios/[slug].tsx:204,También puedes revisar,Heading / scanning,KEEP,"Already clear, useful and natural enough",KEEP,También puedes revisar,no,no,
/servicios/*,span,src/pages/servicios/[slug].tsx:226,Antes de decidir,Information / orientation,KEEP,"Already clear, useful and natural enough",KEEP,Antes de decidir,no,no,
/servicios/*,p,src/pages/servicios/[slug].tsx:228,"La información de esta página es educativa y no reemplaza una valoración odontológica profesional. Para confirmar disponibilidad y orientación inicial, escribe por WhatsApp.",Information / orientation,SHORTEN,Overexplained or difficult to scan,SHORTEN,"Esta información es general y no reemplaza una valoración odontológica. Para consultar disponibilidad, escribe por WhatsApp.",no,no,
/servicios/*,a,src/pages/servicios/[slug].tsx:234,Agendar valoración,Action / choice,KEEP,"Already clear, useful and natural enough",KEEP,Agendar valoración,no,no,
/servicios,p,src/pages/servicios/index.tsx:47,Servicios,Information / orientation,KEEP,"Already clear, useful and natural enough",KEEP,Servicios,no,no,
/servicios,h1,src/pages/servicios/index.tsx:48,Catálogo de atención odontológica en Carepa.,Heading / scanning,SHORTEN,"Stiff, repetitive or less natural than needed",SHORTEN,Servicios odontológicos en Carepa,no,no,
/servicios,p,src/pages/servicios/index.tsx:50,"Explora por categoría y abre la guía de cada tratamiento. Si no sabes cuál corresponde a tu caso, la valoración es el punto de partida.",Information / orientation,SHORTEN,Overexplained or difficult to scan,SHORTEN,"Busca el servicio que necesitas. Si no estás seguro, escríbenos y te indicamos cómo empezar.",no,no,
/servicios,span,src/pages/servicios/index.tsx:61,servicios,Information / orientation,KEEP,"Already clear, useful and natural enough",KEEP,servicios,no,no,
/servicios,span,src/pages/servicios/index.tsx:78,Orientación en valoración,Information / orientation,REWRITE,"Stiff, repetitive or less natural than needed",REWRITE,Consulta por WhatsApp,no,no,
/servicios,span,src/pages/servicios/index.tsx:93,¿No sabes cuál elegir?,Information / orientation,KEEP,"Already clear, useful and natural enough",KEEP,¿No sabes cuál elegir?,no,no,
/servicios,p,src/pages/servicios/index.tsx:94,Cuéntanos qué sientes y te orientamos para agendar una valoración.,Information / orientation,SHORTEN,"Stiff, repetitive or less natural than needed",SHORTEN,Cuéntanos qué sientes o qué quieres cambiar.,no,no,
/servicios,a,src/pages/servicios/index.tsx:105,Pedir orientación,Action / choice,REWRITE,"Stiff, repetitive or less natural than needed",REWRITE,Escribir por WhatsApp,no,no,
